url,title,tests,license,retrieved_at,sha256
https://medlineplus.gov/lab-tests/hemoglobin-test,Hemoglobin Test,hb|hba1c,"Public domain (US National Library of Medicine, MedlinePlus); no A.D.A.M. content",2026-09-29,6caa6f5b770cc2cf02b792bcbc34ac8d414c9df6471d5cf9ffc5eac01dea6f80
https://medlineplus.gov/lab-tests/hematocrit-test,Hematocrit Test,hct,"Public domain (US National Library of Medicine, MedlinePlus); no A.D.A.M. content",2026-09-29,70f55b7258631fdd6921312481dac2cc250f3500be2a827794663f9b1082b9c2
https://medlineplus.gov/lab-tests/red-blood-cell-rbc-count,Red Blood Cell (RBC) Count,rbc,"Public domain (US National Library of Medicine, MedlinePlus); no A.D.A.M. content",2026-09-29,ba9c73be4fbd81b99aa590c6f68b54ce9923b0a113c082f2b2b176a2facdf01d
https://medlineplus.gov/lab-tests/white-blood-count-wbc,White Blood Count (WBC),wbc|neut_pct|lymph_pct|mono_pct|eos_pct|baso_pct,"Public domain (US National Library of Medicine, MedlinePlus); no A.D.A.M. content",2026-09-29,a330bed3b0ba660a2e6ec35f1f32295b7d51ce3ab023e9a5ee1c813c4cd5eb2f
https://medlineplus.gov/lab-tests/platelet-tests,Platelet Tests,plt,"Public domain (US National Library of Medicine, MedlinePlus); no A.D.A.M. content",2026-09-29,f64bb39760a13a4a84f61d582054910769c0a50a931889d9f83880f0ef8acb96
https://medlineplus.gov/lab-tests/mcv-mean-corpuscular-volume,MCV (Mean Corpuscular Volume),mcv,"Public domain (US National Library of Medicine, MedlinePlus); no A.D.A.M. content",2026-09-29,1de12e25cec896592bf96ee33167ef9b093c09e5cb628f34f3f3831c16448368
https://medlineplus.gov/lab-tests/red-blood-cell-rbc-indices,Red Blood Cell (RBC) Indices,mcv|mch|mchc,"Public domain (US National Library of Medicine, MedlinePlus); no A.D.A.M. content",2026-09-29,71cef7685bc599a184051b618a62ea78387e2210227cc99ffbc1a68bf71a4bda
https://medlineplus.gov/lab-tests/rdw-red-cell-distribution-width,RDW (Red Cell Distribution Width),rdw,"Public domain (US National Library of Medicine, MedlinePlus); no A.D.A.M. content",2026-09-29,69cc05e42a7fac1996a6b972db1fc379158dcdf8f33756570e17f425b29ce8ed
https://medlineplus.gov/lab-tests/blood-differential,Blood Differential,neut_pct|lymph_pct|mono_pct|eos_pct|baso_pct,"Public domain (US National Library of Medicine, MedlinePlus); no A.D.A.M. content",2026-09-29,662df5acb8a4046aec71e8ccb44f9ead8a3277435954237e197f0e6318272f47
https://medlineplus.gov/lab-tests/erythrocyte-sedimentation-rate-esr,Erythrocyte Sedimentation Rate (ESR),esr,"Public domain (US National Library of Medicine, MedlinePlus); no A.D.A.M. content",2026-09-29,8f522545fde63934e73783981ad77d324f80bf86847383776adc62ec1ab46a7d
https://medlineplus.gov/lab-tests/blood-glucose-test,Blood Glucose Test,glucose_fasting|glucose_pp|glucose_random|eag,"Public domain (US National Library of Medicine, MedlinePlus); no A.D.A.M. content",2026-09-29,c4e6fa6be1e557ef373577d114cd1b62420013705f3797f7649aca55901893f4
https://medlineplus.gov/lab-tests/hemoglobin-a1c-hba1c-test,Hemoglobin A1C (HbA1c) Test,hba1c|eag,"Public domain (US National Library of Medicine, MedlinePlus); no A.D.A.M. content",2026-09-29,9556fef72bffadc2e3bc0a73af5cac82259bce97a63bed0e446d202e64e00e7f
https://medlineplus.gov/lab-tests/cholesterol-levels,Cholesterol Levels,chol_total|hdl|ldl|vldl|non_hdl|chol_hdl_ratio,"Public domain (US National Library of Medicine, MedlinePlus); no A.D.A.M. content",2026-09-29,c3e084a3481eac72594bd1baff93d1aae4d29be7e8941b8f411c783007efce3d
https://medlineplus.gov/lab-tests/triglycerides-test,Triglycerides Test,tg,"Public domain (US National Library of Medicine, MedlinePlus); no A.D.A.M. content",2026-09-29,b850fd8ff518a23a8398fa66c8037f8a69f5924df286d04b56520f10a44d2b50
https://medlineplus.gov/lab-tests/creatinine-test,Creatinine Test,creatinine,"Public domain (US National Library of Medicine, MedlinePlus); no A.D.A.M. content",2026-09-29,aa84c1ba70e9df0892e4df5d313243aaad4f6816e544a6366bc0ec19761da254
https://medlineplus.gov/lab-tests/bun-blood-urea-nitrogen,BUN (Blood Urea Nitrogen),urea|bun,"Public domain (US National Library of Medicine, MedlinePlus); no A.D.A.M. content",2026-09-29,a3c74604bf25ba9e23766b753d43564138444d3b787b944296e685c2b6b61208
https://medlineplus.gov/lab-tests/uric-acid-test,Uric Acid Test,uric_acid,"Public domain (US National Library of Medicine, MedlinePlus); no A.D.A.M. content",2026-09-29,10761f41c3f9c20e2b6267c394b35e58860dcaf6da6b44d3cc9991d785dc94af
https://medlineplus.gov/lab-tests/glomerular-filtration-rate-gfr-test,Glomerular Filtration Rate (GFR) Test,egfr,"Public domain (US National Library of Medicine, MedlinePlus); no A.D.A.M. content",2026-09-29,2e079719f3c6eb6a5bce7987b6ddd79e4985c7f742948244b17f1089315806e6
https://medlineplus.gov/lab-tests/electrolyte-panel,Electrolyte Panel,sodium|potassium|chloride|bicarbonate,"Public domain (US National Library of Medicine, MedlinePlus); no A.D.A.M. content",2026-09-29,068d4878ca430b39a47f40ed57ada609eabb17fbcb711279397202e07791a3e5
https://medlineplus.gov/lab-tests/sodium-blood-test,Sodium Blood Test,sodium,"Public domain (US National Library of Medicine, MedlinePlus); no A.D.A.M. content",2026-09-29,79ee110b56f840c27c95e67e7dd829e0f0d50c0f2dd615f7cde24baee0ca0a5e
https://medlineplus.gov/lab-tests/potassium-blood-test,Potassium Blood Test,potassium,"Public domain (US National Library of Medicine, MedlinePlus); no A.D.A.M. content",2026-09-29,3a331054fc4a35ea52a37d2fa2b746a46d864e70142aedb2be47ef62712f0886
https://medlineplus.gov/lab-tests/chloride-blood-test,Chloride Blood Test,chloride,"Public domain (US National Library of Medicine, MedlinePlus); no A.D.A.M. content",2026-09-29,b9b27b2b69174dad5d87a2cb709c59d0c328d7ac416638c4049cb88dfc9bd467
https://medlineplus.gov/lab-tests/carbon-dioxide-co2-in-blood,Carbon Dioxide (CO2) in Blood,bicarbonate,"Public domain (US National Library of Medicine, MedlinePlus); no A.D.A.M. content",2026-09-29,e3eb6cc37b23d5288539649d5eeab8cbf9582e7dd0e349eb1995bafe2d1160a7
https://medlineplus.gov/lab-tests/calcium-blood-test,Calcium Blood Test,calcium,"Public domain (US National Library of Medicine, MedlinePlus); no A.D.A.M. content",2026-09-29,7e9df9e091fe0acdf0321b1a88848a4e2fe18ab0d9b6b48733958664ca4ba54a
https://medlineplus.gov/lab-tests/phosphate-in-blood,Phosphate in Blood,phosphorus,"Public domain (US National Library of Medicine, MedlinePlus); no A.D.A.M. content",2026-09-29,e11e5fe39e38dce54b224987586d77655d19ac668369b12bbef0ea77f26957d0
https://medlineplus.gov/lab-tests/magnesium-blood-test,Magnesium Blood Test,magnesium,"Public domain (US National Library of Medicine, MedlinePlus); no A.D.A.M. content",2026-09-29,fb23146990d153cec5f2b3cad43e3822dc29cd757a3b442287eb6fc419869276
https://medlineplus.gov/lab-tests/bilirubin-blood-test,Bilirubin Blood Test,bili_total|bili_direct|bili_indirect,"Public domain (US National Library of Medicine, MedlinePlus); no A.D.A.M. content",2026-09-29,898afa18cebc6e944da7e68bedb7e0bb5ae2a186e15684f78bd07d91258cbdde
https://medlineplus.gov/lab-tests/liver-function-tests,Liver Function Tests,bili_total|bili_direct|bili_indirect|alt|ast|alp|ggt|protein_total|albumin,"Public domain (US National Library of Medicine, MedlinePlus); no A.D.A.M. content",2026-09-29,4efdbc5d970f1dc30562873b6d3ff473027e3bd69e49020a009ff282a88d87b2
https://medlineplus.gov/lab-tests/alt-blood-test,ALT Blood Test,alt,"Public domain (US National Library of Medicine, MedlinePlus); no A.D.A.M. content",2026-09-29,24a902a6e25a9bc5a7d0c48b8de977377ec8bfb345494163f3efc01c2948bd60
https://medlineplus.gov/lab-tests/ast-test,AST Test,ast,"Public domain (US National Library of Medicine, MedlinePlus); no A.D.A.M. content",2026-09-29,6fde6e01583526a69a287f1c2ab9427dd9f5efbe14a93a17040fe5e60374bfc0
https://medlineplus.gov/lab-tests/alkaline-phosphatase,Alkaline Phosphatase,alp,"Public domain (US National Library of Medicine, MedlinePlus); no A.D.A.M. content",2026-09-29,638aa8cb6d5e956ecc395a00b1f1cf04bfdd4a71cf2f404fb9ff02db32eb26ce
https://medlineplus.gov/lab-tests/gamma-glutamyl-transferase-ggt-test,Gamma-glutamyl Transferase (GGT) Test,ggt,"Public domain (US National Library of Medicine, MedlinePlus); no A.D.A.M. content",2026-09-29,1e52fa129226d4fc6c696cbd1fd68e6ff572cb451b9b98e498e995b90d49d15a
https://medlineplus.gov/lab-tests/globulin-test,Globulin Test,protein_total|globulin,"Public domain (US National Library of Medicine, MedlinePlus); no A.D.A.M. content",2026-09-29,3b991f24307f5b14fc0fea656a69e3b0f63dc4668969028c09e6659c903c3de2
https://medlineplus.gov/lab-tests/albumin-blood-test,Albumin Blood Test,albumin,"Public domain (US National Library of Medicine, MedlinePlus); no A.D.A.M. content",2026-09-29,d496a4f052541bba1d1f18154db3d65603330ea6f1ee6a3063db4fd55832ba73
https://medlineplus.gov/lab-tests/total-protein-and-albumin-globulin-a-g-ratio,Total Protein and Albumin/Globulin (A/G) Ratio,ag_ratio,"Public domain (US National Library of Medicine, MedlinePlus); no A.D.A.M. content",2026-09-29,f0d83ca4fee1e3265ea8f1f9231aab43ad7030749da5a78020c4c4335c9572b4
https://medlineplus.gov/lab-tests/tsh-thyroid-stimulating-hormone-test,TSH (Thyroid-stimulating hormone) Test,tsh,"Public domain (US National Library of Medicine, MedlinePlus); no A.D.A.M. content",2026-09-29,3f0af6f60acee3a55b289bb71b75f8fa4811c18ad1bf201b6c47e5da3e8c9476
https://medlineplus.gov/lab-tests/thyroxine-t4-test,Thyroxine (T4) Test,ft4|t4,"Public domain (US National Library of Medicine, MedlinePlus); no A.D.A.M. content",2026-09-29,2eab2abc29ebd234151ff6bc1f4665fac89bfb7ae8a1b2eb4e2e56fc782d14cd
https://medlineplus.gov/lab-tests/triiodothyronine-t3-tests,Triiodothyronine (T3) Tests,ft3|t3,"Public domain (US National Library of Medicine, MedlinePlus); no A.D.A.M. content",2026-09-29,35936707511838aa9729520466ce2ed9e77795b6d003b82d5e15daa89c5551bf
https://medlineplus.gov/lab-tests/vitamin-d-test,Vitamin D Test,vitamin_d,"Public domain (US National Library of Medicine, MedlinePlus); no A.D.A.M. content",2026-09-29,e2558e33424c5880c546a28990fead716dbe87e7eb5f4dec6e738f4f0a0433ac
https://medlineplus.gov/lab-tests/vitamin-b-test,Vitamin B Test,vitamin_b12|folate,"Public domain (US National Library of Medicine, MedlinePlus); no A.D.A.M. content",2026-09-29,739cf8f61f5d9e7773432c4dd0446c6a1bb0fb6dad00d7bb3125f5a489b9806a
https://medlineplus.gov/lab-tests/iron-tests,Iron Tests,iron|tibc|tsat,"Public domain (US National Library of Medicine, MedlinePlus); no A.D.A.M. content",2026-09-29,1c85d581f254013e16690ff94766256eae048e179ebdea7df35520970785e1e2
https://medlineplus.gov/lab-tests/ferritin-blood-test,Ferritin Blood Test,ferritin,"Public domain (US National Library of Medicine, MedlinePlus); no A.D.A.M. content",2026-09-29,e988937cb9c1d84acbb73686f3b2c9a86d4f1176cada94d234e822766d22626c
https://medlineplus.gov/lab-tests/c-reactive-protein-crp-test,C-Reactive Protein (CRP) Test,crp|hs_crp,"Public domain (US National Library of Medicine, MedlinePlus); no A.D.A.M. content",2026-09-29,e9b4a9083e84c11bbd8ff311c07f9120da7d0760f0b1588d91db5abc8ee0beee
https://medlineplus.gov/urinalysis.html,Urinalysis,urine_ph|urine_sg|urine_rbc|urine_pus,"Public domain (US National Library of Medicine, MedlinePlus); no A.D.A.M. content",2026-09-29,24e5afc3e0c52197cfe14ed6062f0311b2884fc593eecabe5e87bb4c26cadeef
https://medlineplus.gov/lab-tests/microalbumin-creatinine-ratio,Microalbumin Creatinine Ratio,urine_acr,"Public domain (US National Library of Medicine, MedlinePlus); no A.D.A.M. content",2026-09-29,35b220263324838147465a272e5e93fe9cdfa6d79758da1d8953cd8a88c8f01c
https://medlineplus.gov/lab-tests/prostate-specific-antigen-psa-test,Prostate-Specific Antigen (PSA) Test,psa,"Public domain (US National Library of Medicine, MedlinePlus); no A.D.A.M. content",2026-09-29,e53b165afd2a1155ebbffecbc8674f126913998fc56fe41fa474c63c68e40e11
