test_code,sex,age_min,age_max,p05,p25,p50,p75,p95,n
wbc,female,18,29,4.6,6.2,7.5,8.8,11.4,771
wbc,female,30,39,4.6,6.1,7.3,8.7,11.5,659
wbc,female,40,49,4.0,5.8,7.1,8.6,11.9,654
wbc,female,50,59,4.4,5.6,6.864,8.4,10.377,756
wbc,female,60,69,4.2,5.3,6.6,8.1,10.6,775
wbc,female,70,79,3.9,5.6,6.8,8.263,11.224,420
wbc,female,80,120,4.6,5.9,7.2,8.28,11.402,271
wbc,male,18,29,4.262,5.7,6.8,8.1,10.8,774
wbc,male,30,39,4.6,5.8,6.9,8.7,11.204,550
wbc,male,40,49,4.3,5.6,6.7,8.4,11.436,623
wbc,male,50,59,4.4,5.9,7.0,8.4,10.6,648
wbc,male,60,69,4.385,5.6,7.0,8.6,11.116,802
wbc,male,70,79,4.4,5.717,6.7,7.9,10.6,451
wbc,male,80,120,4.5,5.8,7.1,8.503,11.901,280
wbc,unknown,18,29,4.5,6.0,7.1,8.5,11.134,1545
wbc,unknown,30,39,4.6,5.9,7.2,8.7,11.3,1209
wbc,unknown,40,49,4.2,5.6,7.0,8.5,11.6,1277
wbc,unknown,50,59,4.4,5.7,6.9,8.4,10.6,1404
wbc,unknown,60,69,4.3,5.5,6.8,8.3,10.9,1577
wbc,unknown,70,79,4.2,5.6,6.753,8.2,10.8,871
wbc,unknown,80,120,4.518,5.825,7.2,8.3,11.613,551
rbc,female,18,29,4.03,4.33,4.55,4.82,5.14,771
rbc,female,30,39,3.9,4.27,4.52,4.72,5.051,659
rbc,female,40,49,3.958,4.31,4.49,4.724,5.04,654
rbc,female,50,59,4.057,4.3,4.6,4.848,5.18,756
rbc,female,60,69,3.857,4.28,4.54,4.81,5.168,775
rbc,female,70,79,3.721,4.19,4.43,4.73,5.193,420
rbc,female,80,120,3.641,4.059,4.27,4.6,5.11,271
rbc,male,18,29,4.534,4.91,5.14,5.36,5.738,774
rbc,male,30,39,4.417,4.84,5.092,5.31,5.699,550
rbc,male,40,49,4.449,4.75,4.996,5.28,5.662,623
rbc,male,50,59,4.38,4.75,4.99,5.21,5.67,648
rbc,male,60,69,4.06,4.57,4.86,5.16,5.58,802
rbc,male,70,79,3.984,4.443,4.76,5.04,5.456,451
rbc,male,80,120,3.739,4.187,4.54,4.822,5.388,280
rbc,unknown,18,29,4.15,4.52,4.88,5.18,5.61,1545
rbc,unknown,30,39,4.014,4.46,4.79,5.13,5.59,1209
rbc,unknown,40,49,4.06,4.44,4.74,5.03,5.54,1277
rbc,unknown,50,59,4.12,4.48,4.77,5.06,5.502,1404
rbc,unknown,60,69,3.93,4.38,4.69,4.96,5.48,1577
rbc,unknown,70,79,3.823,4.28,4.578,4.89,5.34,871
rbc,unknown,80,120,3.669,4.1,4.39,4.68,5.251,551
hb,female,18,29,11.5,12.7,13.4,14.1,14.96,771
hb,female,30,39,11.3,12.68,13.4,14.0,15.0,659
hb,female,40,49,10.49,12.6,13.5,14.2,15.2,654
hb,female,50,59,11.5,13.0,13.7,14.4,15.2,756
hb,female,60,69,11.7,13.0,13.6,14.3,15.4,775
hb,female,70,79,11.54,12.8,13.6,14.3,15.54,420
hb,female,80,120,10.77,12.4,13.1,13.9,15.05,271
hb,male,18,29,13.6,14.5,15.3,15.9,16.9,774
hb,male,30,39,13.4,14.6,15.12,15.8,16.8,550
hb,male,40,49,13.5,14.5,15.1,15.89,16.8,623
hb,male,50,59,13.3,14.4,15.3,15.9,16.8,648
hb,male,60,69,12.3,14.1,14.9,15.7,17.0,802
hb,male,70,79,12.3,13.72,14.6,15.5,16.7,451
hb,male,80,120,11.5,13.0,14.1,15.09,16.79,280
hb,unknown,18,29,12.1,13.4,14.4,15.3,16.5,1545
hb,unknown,30,39,12.0,13.23,14.3,15.3,16.5,1209
hb,unknown,40,49,11.4,13.4,14.4,15.2,16.4,1277
hb,unknown,50,59,12.1,13.5,14.4,15.3,16.5,1404
hb,unknown,60,69,11.84,13.2,14.2,15.1,16.5,1577
hb,unknown,70,79,11.6,13.2,14.0,14.9,16.2,871
hb,unknown,80,120,10.97,12.5,13.4,14.4,15.9,551
hct,female,18,29,35.32,38.1,40.0,41.6,43.87,771
hct,female,30,39,34.66,37.8,39.7,41.43,44.11,659
hct,female,40,49,32.7,37.7,40.0,42.06,44.3,654
hct,female,50,59,35.08,38.7,40.6,42.5,45.4,756
hct,female,60,69,35.1,38.7,40.6,42.8,45.7,775
hct,female,70,79,34.87,38.16,40.53,42.58,46.22,420
hct,female,80,120,32.5,37.2,39.2,41.9,44.9,271
hct,male,18,29,40.29,43.1,44.9,46.7,49.4,774
hct,male,30,39,40.2,43.0,44.5,46.4,49.8,550
hct,male,40,49,39.9,42.9,44.5,46.34,49.3,623
hct,male,50,59,39.45,42.44,44.7,46.38,49.45,648
hct,male,60,69,37.04,41.7,44.0,46.5,50.1,802
hct,male,70,79,36.51,40.7,43.1,45.8,49.1,451
hct,male,80,120,34.51,39.0,41.98,44.69,49.57,280
hct,unknown,18,29,36.2,39.7,42.31,45.2,48.36,1545
hct,unknown,30,39,35.8,39.4,42.32,44.9,48.51,1209
hct,unknown,40,49,35.1,39.7,42.4,44.8,48.1,1277
hct,unknown,50,59,36.8,40.0,42.5,45.0,48.39,1404
hct,unknown,60,69,35.4,39.4,42.1,44.6,48.6,1577
hct,unknown,70,79,35.3,39.2,41.5,44.0,47.92,871
hct,unknown,80,120,33.55,37.6,40.1,43.1,47.17,551
mcv,female,18,29,77.52,84.3,88.1,90.6,95.1,771
mcv,female,30,39,76.6,85.44,89.3,92.0,95.6,659
mcv,female,40,49,74.5,85.1,88.8,92.06,96.5,654
mcv,female,50,59,78.22,85.7,89.3,92.39,96.49,756
mcv,female,60,69,80.7,87.18,89.7,92.52,97.29,775
mcv,female,70,79,83.84,87.9,90.9,94.1,98.67,420
mcv,female,80,120,83.2,88.53,91.5,94.57,99.05,271
mcv,male,18,29,81.0,85.2,87.8,90.4,94.01,774
mcv,male,30,39,81.4,85.6,88.1,90.62,95.1,550
mcv,male,40,49,81.62,86.5,89.6,92.02,95.96,623
mcv,male,50,59,81.84,86.5,89.5,91.92,96.8,648
mcv,male,60,69,81.7,87.6,90.5,93.5,98.12,802
mcv,male,70,79,82.57,88.2,91.0,94.86,98.65,451
mcv,male,80,120,83.39,89.7,93.23,95.9,99.7,280
mcv,unknown,18,29,79.6,85.0,87.9,90.5,94.73,1545
mcv,unknown,30,39,79.4,85.5,88.6,91.2,95.46,1209
mcv,unknown,40,49,77.13,86.0,89.23,92.05,96.3,1277
mcv,unknown,50,59,80.1,86.0,89.4,92.2,96.7,1404
mcv,unknown,60,69,81.4,87.3,90.2,92.9,97.7,1577
mcv,unknown,70,79,83.49,88.1,90.9,94.4,98.64,871
mcv,unknown,80,120,83.3,89.0,92.1,95.1,99.42,551
mch,female,18,29,25.22,28.4,29.65,30.71,32.4,771
mch,female,30,39,24.63,28.6,30.1,31.18,32.5,659
mch,female,40,49,23.8,28.4,30.0,31.1,32.98,654
mch,female,50,59,25.19,28.7,29.91,31.31,32.9,756
mch,female,60,69,26.6,29.0,30.2,31.3,32.9,775
mch,female,70,79,27.67,29.7,30.6,31.6,33.29,420
mch,female,80,120,26.7,29.3,30.5,31.7,33.2,271
mch,male,18,29,26.8,28.8,30.0,30.9,32.1,774
mch,male,30,39,26.9,29.1,30.0,30.93,32.7,550
mch,male,40,49,27.14,29.3,30.5,31.6,33.1,623
mch,male,50,59,27.4,29.4,30.4,31.52,33.26,648
mch,male,60,69,27.0,29.4,30.8,31.71,33.45,802
mch,male,70,79,27.4,29.7,30.8,32.3,33.7,451
mch,male,80,120,27.59,30.0,31.2,32.24,33.82,280
mch,unknown,18,29,26.0,28.6,29.8,30.8,32.3,1545
mch,unknown,30,39,25.9,28.8,30.0,31.1,32.5,1209
mch,unknown,40,49,25.4,29.0,30.3,31.4,33.0,1277
mch,unknown,50,59,26.4,29.1,30.2,31.5,33.1,1404
mch,unknown,60,69,26.8,29.1,30.5,31.5,33.2,1577
mch,unknown,70,79,27.4,29.7,30.6,31.8,33.6,871
mch,unknown,80,120,27.0,29.48,30.8,32.0,33.6,551
mchc,female,18,29,32.0,33.1,33.6,34.1,34.8,771
mchc,female,30,39,31.8,33.0,33.6,34.1,34.8,659
mchc,female,40,49,31.9,33.0,33.6,34.1,34.92,654
mchc,female,50,59,32.0,33.1,33.6,34.1,34.9,756
mchc,female,60,69,32.3,33.0,33.6,34.0,35.0,775
mchc,female,70,79,32.3,33.0,33.6,34.0,34.7,420
mchc,female,80,120,31.9,32.7,33.3,33.7,34.4,271
mchc,male,18,29,32.47,33.4,34.1,34.5,35.2,774
mchc,male,30,39,32.6,33.5,34.0,34.6,35.3,550
mchc,male,40,49,32.7,33.6,34.0,34.6,35.29,623
mchc,male,50,59,32.7,33.6,34.0,34.5,35.4,648
mchc,male,60,69,32.3,33.4,33.8,34.2,35.1,802
mchc,male,70,79,32.35,33.3,33.8,34.3,34.99,451
mchc,male,80,120,32.3,33.1,33.6,34.0,34.9,280
mchc,unknown,18,29,32.3,33.3,33.8,34.3,35.04,1545
mchc,unknown,30,39,32.2,33.3,33.8,34.4,35.2,1209
mchc,unknown,40,49,32.1,33.3,33.8,34.3,35.1,1277
mchc,unknown,50,59,32.3,33.3,33.8,34.3,35.2,1404
mchc,unknown,60,69,32.3,33.2,33.7,34.2,35.1,1577
mchc,unknown,70,79,32.3,33.1,33.7,34.1,34.9,871
mchc,unknown,80,120,32.0,32.8,33.4,33.8,34.7,551
rdw,female,18,29,12.2,12.8,13.2,14.0,16.2,771
rdw,female,30,39,12.4,12.9,13.3,14.0,16.09,659
rdw,female,40,49,12.5,13.0,13.5,14.6,17.22,654
rdw,female,50,59,12.33,13.0,13.5,14.2,16.6,756
rdw,female,60,69,12.6,13.2,13.6,14.1,15.6,775
rdw,female,70,79,12.8,13.3,13.76,14.5,16.24,420
rdw,female,80,120,12.76,13.4,14.1,14.95,17.47,271
rdw,male,18,29,12.4,12.8,13.1,13.5,14.5,774
rdw,male,30,39,12.42,12.9,13.2,13.7,14.89,550
rdw,male,40,49,12.4,12.9,13.3,13.8,15.0,623
rdw,male,50,59,12.4,13.0,13.5,13.9,15.0,648
rdw,male,60,69,12.7,13.2,13.6,14.18,15.6,802
rdw,male,70,79,12.6,13.2,13.7,14.3,16.27,451
rdw,male,80,120,13.0,13.5,14.1,14.8,16.4,280
rdw,unknown,18,29,12.21,12.8,13.1,13.7,15.4,1545
rdw,unknown,30,39,12.4,12.9,13.3,13.8,15.6,1209
rdw,unknown,40,49,12.4,13.0,13.4,14.0,16.51,1277
rdw,unknown,50,59,12.4,13.0,13.5,14.0,16.0,1404
rdw,unknown,60,69,12.6,13.2,13.6,14.1,15.6,1577
rdw,unknown,70,79,12.63,13.3,13.7,14.4,16.2,871
rdw,unknown,80,120,12.9,13.5,14.1,14.9,17.29,551
plt,female,18,29,181.3,227.0,264.0,309.0,381.0,771
plt,female,30,39,174.0,227.0,260.9,314.0,384.0,659
plt,female,40,49,173.7,224.0,264.8,306.0,397.4,654
plt,female,50,59,163.2,216.0,256.0,300.6,370.0,756
plt,female,60,69,165.2,212.0,243.6,290.0,360.0,775
plt,female,70,79,164.0,198.7,235.0,265.9,336.7,420
plt,female,80,120,142.0,193.9,228.5,266.0,331.6,271
plt,male,18,29,168.0,204.0,233.0,269.0,337.2,774
plt,male,30,39,159.0,206.6,234.5,266.7,341.3,550
plt,male,40,49,163.4,204.0,233.0,272.0,327.5,623
plt,male,50,59,137.0,190.0,218.0,249.5,326.0,648
plt,male,60,69,143.0,186.3,220.0,257.0,318.1,802
plt,male,70,79,131.1,176.0,204.0,251.7,316.0,451
plt,male,80,120,121.1,166.0,197.0,235.0,302.3,280
plt,unknown,18,29,172.0,215.0,248.0,291.0,360.0,1545
plt,unknown,30,39,169.0,214.8,250.0,290.6,379.0,1209
plt,unknown,40,49,165.0,213.0,246.0,290.4,362.0,1277
plt,unknown,50,59,147.0,201.0,234.0,279.0,349.0,1404
plt,unknown,60,69,148.0,198.0,235.0,272.0,347.0,1577
plt,unknown,70,79,142.0,185.0,225.0,261.9,336.0,871
plt,unknown,80,120,132.0,180.0,216.0,257.0,327.3,551
neut_pct,female,18,29,43.5,52.8,58.3,63.8,70.8,771
neut_pct,female,30,39,41.8,52.6,58.1,63.4,71.1,658
neut_pct,female,40,49,43.8,54.0,59.3,64.1,72.2,653
neut_pct,female,50,59,41.2,51.5,56.5,63.9,70.3,755
neut_pct,female,60,69,43.3,52.3,57.4,63.7,72.1,775
neut_pct,female,70,79,45.7,54.1,59.1,64.4,72.1,419
neut_pct,female,80,120,47.6,57.3,63.3,69.0,75.9,271
neut_pct,male,18,29,38.2,49.0,55.5,60.7,68.9,774
neut_pct,male,30,39,41.0,50.7,57.2,62.3,71.0,550
neut_pct,male,40,49,43.2,51.9,58.0,63.8,71.4,623
neut_pct,male,50,59,42.6,52.1,59.1,65.2,73.5,648
neut_pct,male,60,69,43.3,54.3,59.7,64.8,75.4,802
neut_pct,male,70,79,45.7,54.5,60.9,67.0,75.5,451
neut_pct,male,80,120,42.2,56.2,61.7,67.3,74.2,280
neut_pct,unknown,18,29,40.5,50.7,56.8,62.4,70.5,1545
neut_pct,unknown,30,39,41.7,51.7,57.8,62.8,71.1,1208
neut_pct,unknown,40,49,43.4,52.9,58.6,64.0,71.6,1276
neut_pct,unknown,50,59,42.1,51.7,57.6,64.5,72.4,1403
neut_pct,unknown,60,69,43.3,53.1,58.9,64.5,72.9,1577
neut_pct,unknown,70,79,45.7,54.3,59.7,65.7,74.2,870
neut_pct,unknown,80,120,45.5,56.9,62.7,68.3,75.1,551
lymph_pct,female,18,29,20.1,26.6,31.0,36.4,44.9,771
lymph_pct,female,30,39,19.8,26.7,30.9,36.4,45.5,658
lymph_pct,female,40,49,18.5,24.7,30.2,35.5,44.5,653
lymph_pct,female,50,59,19.8,26.4,32.1,37.1,47.1,755
lymph_pct,female,60,69,17.3,25.3,30.6,35.9,44.0,775
lymph_pct,female,70,79,17.2,22.5,28.3,33.6,42.8,419
lymph_pct,female,80,120,14.5,18.8,23.4,29.9,38.4,271
lymph_pct,male,18,29,19.2,27.8,32.6,38.0,47.0,774
lymph_pct,male,30,39,20.7,27.0,31.4,37.7,46.8,550
lymph_pct,male,40,49,19.0,25.2,30.6,35.5,44.3,623
lymph_pct,male,50,59,16.5,23.5,29.6,34.9,43.6,648
lymph_pct,male,60,69,15.2,22.0,27.0,32.4,42.2,802
lymph_pct,male,70,79,12.6,20.4,25.8,31.1,41.4,451
lymph_pct,male,80,120,15.4,19.7,24.8,29.2,41.3,280
lymph_pct,unknown,18,29,19.8,27.2,31.7,37.1,46.0,1545
lymph_pct,unknown,30,39,20.1,27.0,31.0,36.8,45.9,1208
lymph_pct,unknown,40,49,18.6,24.9,30.2,35.5,44.5,1276
lymph_pct,unknown,50,59,17.9,24.8,30.6,36.2,44.8,1403
lymph_pct,unknown,60,69,16.7,23.3,28.8,34.8,43.4,1577
lymph_pct,unknown,70,79,13.8,21.8,27.3,32.6,42.7,870
lymph_pct,unknown,80,120,15.0,18.9,23.8,29.6,39.1,551
mono_pct,female,18,29,4.8,6.2,7.2,8.6,10.7,771
mono_pct,female,30,39,4.6,6.1,7.1,8.4,11.1,658
mono_pct,female,40,49,4.6,6.3,7.2,8.3,10.4,653
mono_pct,female,50,59,5.0,6.4,7.4,8.8,10.6,755
mono_pct,female,60,69,5.4,6.7,7.8,9.1,11.4,775
mono_pct,female,70,79,5.6,7.2,8.4,9.7,12.5,419
mono_pct,female,80,120,6.1,7.6,8.8,10.0,12.6,271
mono_pct,male,18,29,6.0,7.4,8.5,9.8,12.1,774
mono_pct,male,30,39,5.4,7.0,8.0,9.3,11.6,550
mono_pct,male,40,49,5.8,7.1,8.2,9.4,11.9,623
mono_pct,male,50,59,5.5,7.3,8.4,9.8,11.9,648
mono_pct,male,60,69,5.5,7.3,8.9,10.3,12.1,802
mono_pct,male,70,79,5.9,7.7,9.0,10.6,12.8,451
mono_pct,male,80,120,6.3,7.8,8.9,10.5,13.9,280
mono_pct,unknown,18,29,5.2,6.8,7.9,9.3,11.5,1545
mono_pct,unknown,30,39,5.0,6.5,7.6,8.9,11.4,1208
mono_pct,unknown,40,49,4.9,6.6,7.6,9.0,11.4,1276
mono_pct,unknown,50,59,5.3,6.7,8.0,9.3,11.7,1403
mono_pct,unknown,60,69,5.5,6.9,8.2,9.8,11.9,1577
mono_pct,unknown,70,79,5.8,7.4,8.6,10.2,12.8,870
mono_pct,unknown,80,120,6.2,7.7,8.9,10.3,13.4,551
eos_pct,female,18,29,0.6,1.2,1.8,2.9,6.0,771
eos_pct,female,30,39,0.7,1.2,2.0,3.2,5.8,658
eos_pct,female,40,49,0.6,1.4,2.1,3.0,5.6,653
eos_pct,female,50,59,0.8,1.4,2.1,3.1,5.7,755
eos_pct,female,60,69,0.7,1.5,2.2,3.3,6.1,775
eos_pct,female,70,79,0.7,1.7,2.5,3.7,6.4,419
eos_pct,female,80,120,0.5,1.7,2.4,3.7,6.3,271
eos_pct,male,18,29,0.6,1.5,2.4,3.7,7.4,774
eos_pct,male,30,39,0.8,1.5,2.1,3.2,6.0,550
eos_pct,male,40,49,0.7,1.5,2.3,3.6,6.9,623
eos_pct,male,50,59,0.6,1.5,2.3,3.5,6.5,648
eos_pct,male,60,69,0.9,1.7,2.8,4.0,8.0,802
eos_pct,male,70,79,0.9,1.7,2.6,4.1,7.2,451
eos_pct,male,80,120,0.8,1.7,2.6,3.9,9.2,280
eos_pct,unknown,18,29,0.6,1.3,2.1,3.3,6.7,1545
eos_pct,unknown,30,39,0.7,1.3,2.1,3.2,5.9,1208
eos_pct,unknown,40,49,0.6,1.5,2.2,3.2,6.0,1276
eos_pct,unknown,50,59,0.6,1.4,2.2,3.2,6.3,1403
eos_pct,unknown,60,69,0.8,1.6,2.4,3.6,6.8,1577
eos_pct,unknown,70,79,0.8,1.7,2.5,3.8,7.1,870
eos_pct,unknown,80,120,0.7,1.7,2.5,3.8,7.1,551
baso_pct,female,18,29,0.3,0.5,0.7,0.9,1.3,771
baso_pct,female,30,39,0.4,0.5,0.7,0.9,1.3,658
baso_pct,female,40,49,0.3,0.6,0.7,1.0,1.4,653
baso_pct,female,50,59,0.4,0.6,0.8,1.0,1.3,755
baso_pct,female,60,69,0.4,0.6,0.8,1.1,1.3,775
baso_pct,female,70,79,0.4,0.6,0.8,1.0,1.4,419
baso_pct,female,80,120,0.3,0.6,0.8,1.0,1.4,271
baso_pct,male,18,29,0.3,0.5,0.7,0.9,1.2,774
baso_pct,male,30,39,0.3,0.5,0.7,0.9,1.3,550
baso_pct,male,40,49,0.4,0.6,0.7,1.0,1.3,623
baso_pct,male,50,59,0.3,0.5,0.7,1.0,1.3,648
baso_pct,male,60,69,0.4,0.6,0.8,1.1,1.4,802
baso_pct,male,70,79,0.4,0.6,0.8,1.0,1.3,451
baso_pct,male,80,120,0.4,0.6,0.8,1.0,1.3,280
baso_pct,unknown,18,29,0.3,0.5,0.7,0.9,1.2,1545
baso_pct,unknown,30,39,0.4,0.5,0.7,0.9,1.3,1208
baso_pct,unknown,40,49,0.3,0.6,0.7,1.0,1.3,1276
baso_pct,unknown,50,59,0.4,0.6,0.8,1.0,1.3,1403
baso_pct,unknown,60,69,0.4,0.6,0.8,1.1,1.4,1577
baso_pct,unknown,70,79,0.4,0.6,0.8,1.0,1.4,870
baso_pct,unknown,80,120,0.3,0.6,0.8,1.0,1.3,551
alt,female,18,29,8.0,10.0,14.0,19.0,38.0,750
alt,female,30,39,8.0,11.0,14.0,19.0,47.8,644
alt,female,40,49,7.0,11.0,14.0,21.0,38.5,644
alt,female,50,59,10.0,13.0,18.0,24.0,43.0,733
alt,female,60,69,10.0,13.8,17.0,23.0,39.0,739
alt,female,70,79,9.0,12.0,15.0,20.0,32.0,401
alt,female,80,120,8.0,11.0,13.0,16.0,24.4,261
alt,male,18,29,9.0,15.0,21.0,33.0,69.0,748
alt,male,30,39,12.0,17.4,23.0,35.0,64.0,540
alt,male,40,49,13.0,19.0,24.0,33.4,61.0,605
alt,male,50,59,12.0,18.0,25.0,33.0,54.9,632
alt,male,60,69,10.0,16.0,20.0,29.0,50.6,775
alt,male,70,79,9.0,15.0,19.0,25.0,41.3,437
alt,male,80,120,9.0,12.0,15.0,21.0,36.6,270
alt,unknown,18,29,8.0,12.0,17.0,26.0,56.0,1498
alt,unknown,30,39,9.0,13.0,18.0,27.0,56.0,1184
alt,unknown,40,49,8.0,13.0,19.0,28.0,50.0,1249
alt,unknown,50,59,11.0,15.0,21.0,29.0,49.0,1365
alt,unknown,60,69,10.0,14.0,18.0,26.0,47.0,1514
alt,unknown,70,79,9.0,13.0,17.0,22.0,38.0,838
alt,unknown,80,120,8.1,11.0,14.0,18.0,31.0,531
ast,female,18,29,12.0,14.0,17.0,20.5,29.0,748
ast,female,30,39,12.0,14.0,16.0,19.0,36.0,643
ast,female,40,49,12.0,14.0,17.0,20.0,33.8,642
ast,female,50,59,13.0,16.0,19.0,23.4,33.8,732
ast,female,60,69,13.0,16.0,19.0,23.0,35.0,735
ast,female,70,79,13.0,16.0,19.0,23.0,32.0,399
ast,female,80,120,13.0,16.0,19.0,22.0,32.6,261
ast,male,18,29,14.0,17.0,20.0,25.0,52.0,744
ast,male,30,39,14.0,18.0,22.0,26.0,44.5,536
ast,male,40,49,15.0,18.0,21.0,25.0,42.3,600
ast,male,50,59,14.8,18.0,22.0,27.0,40.0,629
ast,male,60,69,13.0,17.0,20.0,26.0,41.5,771
ast,male,70,79,13.0,17.0,20.0,24.0,36.3,436
ast,male,80,120,12.3,17.0,20.0,24.0,35.0,270
ast,unknown,18,29,13.0,16.0,19.0,23.0,39.5,1492
ast,unknown,30,39,12.0,15.0,19.0,24.0,42.0,1179
ast,unknown,40,49,12.0,16.0,19.0,23.0,38.0,1242
ast,unknown,50,59,14.0,17.0,20.0,25.0,38.0,1361
ast,unknown,60,69,13.0,16.0,19.0,24.0,38.0,1506
ast,unknown,70,79,13.0,16.0,19.0,23.0,35.0,835
ast,unknown,80,120,13.0,16.0,19.0,23.0,33.0,531
alp,female,18,29,39.0,54.0,67.0,81.0,106.1,750
alp,female,30,39,37.0,53.0,64.0,79.0,102.0,644
alp,female,40,49,41.0,54.0,67.0,83.0,111.5,644
alp,female,50,59,48.0,65.0,81.0,98.0,126.0,733
alp,female,60,69,52.0,65.0,80.0,98.0,130.0,739
alp,female,70,79,48.0,66.0,81.0,95.3,128.0,401
alp,female,80,120,48.0,66.0,79.0,98.0,134.4,261
alp,male,18,29,48.0,61.0,73.4,86.0,114.6,748
alp,male,30,39,45.0,57.2,69.0,82.0,110.7,540
alp,male,40,49,44.0,59.0,69.0,83.0,117.3,605
alp,male,50,59,47.0,63.0,73.0,85.0,113.0,632
alp,male,60,69,47.0,62.0,74.0,89.1,119.0,775
alp,male,70,79,48.1,60.0,72.0,84.9,121.0,437
alp,male,80,120,47.5,62.0,75.0,96.0,140.4,270
alp,unknown,18,29,44.0,57.0,70.0,84.0,110.0,1498
alp,unknown,30,39,41.0,55.0,66.0,81.0,106.0,1184
alp,unknown,40,49,42.0,56.0,68.0,83.0,113.0,1249
alp,unknown,50,59,48.0,64.0,76.0,91.0,121.0,1365
alp,unknown,60,69,48.1,63.0,78.5,94.0,125.0,1514
alp,unknown,70,79,48.0,63.0,77.0,91.0,123.0,838
alp,unknown,80,120,48.0,64.0,77.0,97.0,138.0,531
ggt,female,18,29,7.0,10.0,13.0,20.0,45.0,750
ggt,female,30,39,8.0,11.0,15.0,22.0,45.0,644
ggt,female,40,49,7.5,12.0,15.0,22.0,56.8,644
ggt,female,50,59,9.0,13.0,20.0,31.0,74.0,733
ggt,female,60,69,9.0,14.0,18.0,27.0,64.9,739
ggt,female,70,79,9.0,14.0,18.0,26.0,60.2,401
ggt,female,80,120,8.2,12.0,16.0,25.0,51.0,261
ggt,male,18,29,10.0,14.0,20.0,31.0,72.0,748
ggt,male,30,39,11.1,17.0,25.4,39.7,93.2,540
ggt,male,40,49,12.0,20.0,26.0,42.0,105.3,605
ggt,male,50,59,13.0,19.1,26.0,42.0,115.8,632
ggt,male,60,69,11.8,17.0,24.0,38.0,91.8,775
ggt,male,70,79,11.0,16.0,22.0,36.0,80.1,437
ggt,male,80,120,9.0,14.0,19.4,28.0,84.1,270
ggt,unknown,18,29,8.0,12.0,17.0,25.9,57.0,1498
ggt,unknown,30,39,8.0,13.0,19.0,30.3,71.4,1184
ggt,unknown,40,49,9.0,14.0,21.0,32.0,79.7,1249
ggt,unknown,50,59,10.0,16.0,23.0,37.0,97.4,1365
ggt,unknown,60,69,10.0,15.0,21.0,31.0,84.0,1514
ggt,unknown,70,79,10.0,14.0,20.0,29.0,68.7,838
ggt,unknown,80,120,9.0,13.0,18.0,26.0,68.9,531
albumin,female,18,29,3.6,3.9,4.1,4.3,4.6,750
albumin,female,30,39,3.5,3.8,4.0,4.3,4.5,645
albumin,female,40,49,3.5,3.8,4.0,4.2,4.4,644
albumin,female,50,59,3.6,3.8,4.0,4.2,4.5,733
albumin,female,60,69,3.5,3.9,4.0,4.2,4.5,740
albumin,female,70,79,3.42,3.8,4.0,4.2,4.5,401
albumin,female,80,120,3.4,3.7,3.9,4.1,4.4,261
albumin,male,18,29,3.9,4.2,4.4,4.6,4.8,748
albumin,male,30,39,3.8,4.1,4.3,4.5,4.78,540
albumin,male,40,49,3.7,4.0,4.2,4.4,4.6,605
albumin,male,50,59,3.6,3.9,4.1,4.3,4.6,633
albumin,male,60,69,3.6,3.9,4.1,4.3,4.6,775
albumin,male,70,79,3.6,3.9,4.1,4.3,4.6,437
albumin,male,80,120,3.4,3.8,4.0,4.2,4.5,270
albumin,unknown,18,29,3.7,4.0,4.2,4.5,4.8,1498
albumin,unknown,30,39,3.6,3.9,4.2,4.4,4.6,1185
albumin,unknown,40,49,3.6,3.9,4.1,4.3,4.6,1249
albumin,unknown,50,59,3.6,3.9,4.1,4.3,4.5,1366
albumin,unknown,60,69,3.6,3.9,4.0,4.2,4.5,1515
albumin,unknown,70,79,3.5,3.9,4.0,4.2,4.6,838
albumin,unknown,80,120,3.4,3.7,3.9,4.1,4.4,531
globulin,female,18,29,2.42,2.8,3.1,3.3,3.77,749
globulin,female,30,39,2.5,2.8,3.0,3.3,3.7,644
globulin,female,40,49,2.4,2.8,3.0,3.3,3.7,644
globulin,female,50,59,2.4,2.8,3.0,3.4,3.8,733
globulin,female,60,69,2.4,2.7,3.0,3.3,3.8,739
globulin,female,70,79,2.3,2.7,3.0,3.2,3.8,401
globulin,female,80,120,2.2,2.6,2.9,3.2,3.7,261
globulin,male,18,29,2.4,2.7,2.9,3.1,3.5,748
globulin,male,30,39,2.3,2.7,2.9,3.2,3.5,540
globulin,male,40,49,2.3,2.7,3.0,3.2,3.6,605
globulin,male,50,59,2.4,2.7,2.9,3.2,3.7,633
globulin,male,60,69,2.3,2.6,2.9,3.2,3.8,775
globulin,male,70,79,2.3,2.6,2.9,3.2,3.6,437
globulin,male,80,120,2.2,2.6,2.9,3.2,4.0,270
globulin,unknown,18,29,2.4,2.8,3.0,3.2,3.6,1497
globulin,unknown,30,39,2.4,2.7,3.0,3.2,3.7,1184
globulin,unknown,40,49,2.4,2.8,3.0,3.3,3.7,1249
globulin,unknown,50,59,2.4,2.7,3.0,3.3,3.8,1366
globulin,unknown,60,69,2.3,2.7,2.9,3.2,3.8,1514
globulin,unknown,70,79,2.3,2.7,2.9,3.2,3.7,838
globulin,unknown,80,120,2.2,2.6,2.9,3.2,3.8,531
protein_total,female,18,29,6.5,6.9,7.2,7.42,7.8,749
protein_total,female,30,39,6.5,6.8,7.1,7.4,7.8,644
protein_total,female,40,49,6.5,6.8,7.0,7.3,7.7,644
protein_total,female,50,59,6.4,6.8,7.1,7.4,7.9,733
protein_total,female,60,69,6.4,6.8,7.0,7.3,7.7,739
protein_total,female,70,79,6.2,6.7,6.9,7.3,7.8,401
protein_total,female,80,120,6.0,6.5,6.8,7.1,7.6,261
protein_total,male,18,29,6.7,7.02,7.3,7.52,7.87,748
protein_total,male,30,39,6.6,6.9,7.2,7.5,7.8,540
protein_total,male,40,49,6.5,6.9,7.2,7.44,7.8,605
protein_total,male,50,59,6.5,6.8,7.0,7.4,7.8,633
protein_total,male,60,69,6.4,6.7,7.0,7.3,7.8,775
protein_total,male,70,79,6.4,6.7,7.0,7.3,7.7,437
protein_total,male,80,120,6.2,6.6,6.9,7.2,7.7,270
protein_total,unknown,18,29,6.6,7.0,7.3,7.5,7.8,1497
protein_total,unknown,30,39,6.5,6.9,7.1,7.4,7.8,1184
protein_total,unknown,40,49,6.5,6.8,7.1,7.4,7.8,1249
protein_total,unknown,50,59,6.5,6.8,7.1,7.4,7.9,1366
protein_total,unknown,60,69,6.4,6.7,7.0,7.3,7.8,1514
protein_total,unknown,70,79,6.3,6.7,7.0,7.3,7.7,838
protein_total,unknown,80,120,6.1,6.5,6.9,7.2,7.6,531
bili_total,female,18,29,0.1,0.2,0.3,0.5,1.0,750
bili_total,female,30,39,0.1,0.2,0.3,0.5,0.8,645
bili_total,female,40,49,0.1,0.2,0.3,0.5,0.7,644
bili_total,female,50,59,0.2,0.271,0.4,0.5,0.8,733
bili_total,female,60,69,0.2,0.3,0.4,0.5,0.8,739
bili_total,female,70,79,0.2,0.3,0.4,0.5,0.8,401
bili_total,female,80,120,0.2,0.3,0.4,0.5,0.8,261
bili_total,male,18,29,0.2,0.3,0.4,0.7,1.4,748
bili_total,male,30,39,0.2,0.3,0.4,0.606,1.1,540
bili_total,male,40,49,0.2,0.3,0.4,0.6,1.0,605
bili_total,male,50,59,0.2,0.4,0.5,0.7,1.3,633
bili_total,male,60,69,0.2,0.348,0.5,0.7,1.1,775
bili_total,male,70,79,0.2,0.4,0.5,0.7,1.1,437
bili_total,male,80,120,0.2,0.4,0.5,0.7,1.3,270
bili_total,unknown,18,29,0.2,0.3,0.4,0.6,1.2,1498
bili_total,unknown,30,39,0.2,0.3,0.4,0.6,1.0,1185
bili_total,unknown,40,49,0.2,0.3,0.4,0.5,0.9,1249
bili_total,unknown,50,59,0.2,0.3,0.4,0.6,1.1,1366
bili_total,unknown,60,69,0.2,0.3,0.4,0.6,0.9,1514
bili_total,unknown,70,79,0.2,0.3,0.4,0.6,0.9,838
bili_total,unknown,80,120,0.2,0.3,0.4,0.6,1.0,531
bun,female,18,29,7.0,9.0,11.0,14.0,17.0,749
bun,female,30,39,7.0,10.0,12.0,14.0,19.0,644
bun,female,40,49,7.0,10.0,12.0,15.0,19.0,644
bun,female,50,59,8.0,11.0,14.0,17.0,22.0,733
bun,female,60,69,9.0,13.0,16.0,19.0,27.0,739
bun,female,70,79,10.0,14.0,17.0,21.0,28.3,401
bun,female,80,120,12.0,16.0,19.0,25.0,34.7,261
bun,male,18,29,8.0,11.0,13.0,16.0,20.0,748
bun,male,30,39,8.0,12.0,13.0,16.0,21.0,540
bun,male,40,49,10.0,13.0,15.0,17.0,21.4,605
bun,male,50,59,9.0,13.0,15.0,19.0,25.0,633
bun,male,60,69,10.0,14.0,16.0,20.0,25.0,775
bun,male,70,79,12.0,15.0,18.0,22.0,30.0,437
bun,male,80,120,12.0,16.0,20.0,26.0,38.0,270
bun,unknown,18,29,7.0,10.0,12.0,15.0,20.0,1497
bun,unknown,30,39,8.0,10.0,13.0,15.0,20.0,1184
bun,unknown,40,49,8.0,11.0,14.0,16.0,21.0,1249
bun,unknown,50,59,8.0,12.0,15.0,17.0,23.0,1366
bun,unknown,60,69,10.0,14.0,16.0,20.0,26.0,1514
bun,unknown,70,79,10.0,14.0,17.0,21.0,30.0,838
bun,unknown,80,120,12.0,16.0,20.0,25.0,35.0,531
creatinine,female,18,29,0.54,0.63,0.7,0.78,0.924,750
creatinine,female,30,39,0.52,0.63,0.72,0.79,0.926,645
creatinine,female,40,49,0.53,0.63,0.717,0.8,0.96,644
creatinine,female,50,59,0.51,0.64,0.72,0.81,1.0,733
creatinine,female,60,69,0.565,0.67,0.78,0.92,1.12,739
creatinine,female,70,79,0.57,0.7,0.81,0.96,1.235,401
creatinine,female,80,120,0.64,0.78,0.92,1.13,1.664,261
creatinine,male,18,29,0.7,0.83,0.91,1.01,1.18,748
creatinine,male,30,39,0.74,0.84,0.92,1.027,1.233,540
creatinine,male,40,49,0.71,0.85,0.95,1.06,1.21,605
creatinine,male,50,59,0.71,0.84,0.96,1.09,1.29,633
creatinine,male,60,69,0.72,0.86,0.98,1.11,1.37,775
creatinine,male,70,79,0.739,0.9,0.99,1.17,1.599,437
creatinine,male,80,120,0.76,0.93,1.08,1.27,1.994,270
creatinine,unknown,18,29,0.57,0.69,0.81,0.93,1.12,1498
creatinine,unknown,30,39,0.56,0.71,0.82,0.93,1.16,1185
creatinine,unknown,40,49,0.56,0.7,0.83,0.97,1.18,1249
creatinine,unknown,50,59,0.57,0.7,0.82,0.98,1.23,1366
creatinine,unknown,60,69,0.592,0.74,0.88,1.03,1.312,1514
creatinine,unknown,70,79,0.6,0.76,0.91,1.07,1.43,838
creatinine,unknown,80,120,0.66,0.826,0.982,1.2,1.88,531
uric_acid,female,18,29,2.85,3.7,4.5,5.1,6.6,749
uric_acid,female,30,39,2.8,3.6,4.4,5.1,6.4,644
uric_acid,female,40,49,2.8,3.8,4.4,5.1,6.68,644
uric_acid,female,50,59,2.96,3.9,4.7,5.5,7.0,733
uric_acid,female,60,69,3.1,4.1,5.0,5.9,7.6,739
uric_acid,female,70,79,3.3,4.3,5.2,6.1,7.7,401
uric_acid,female,80,120,3.4,4.4,5.3,6.4,7.9,261
uric_acid,male,18,29,4.2,5.1,5.9,6.8,8.1,748
uric_acid,male,30,39,4.18,5.08,5.9,6.8,8.2,540
uric_acid,male,40,49,4.0,5.1,5.88,6.9,8.5,605
uric_acid,male,50,59,4.0,5.0,5.8,6.6,8.1,633
uric_acid,male,60,69,4.2,5.2,5.9,6.8,8.1,775
uric_acid,male,70,79,3.9,5.15,5.9,6.9,8.2,437
uric_acid,male,80,120,3.8,5.0,5.7,6.7,8.9,270
uric_acid,unknown,18,29,3.2,4.4,5.1,6.1,7.8,1497
uric_acid,unknown,30,39,3.0,4.2,5.1,6.2,7.8,1184
uric_acid,unknown,40,49,3.2,4.2,5.1,6.1,7.9,1249
uric_acid,unknown,50,59,3.3,4.4,5.2,6.1,7.72,1366
uric_acid,unknown,60,69,3.3,4.5,5.5,6.4,8.0,1514
uric_acid,unknown,70,79,3.53,4.6,5.5,6.6,8.0,838
uric_acid,unknown,80,120,3.66,4.7,5.5,6.5,8.33,531
sodium,female,18,29,136.0,138.0,140.0,141.0,144.0,750
sodium,female,30,39,136.0,139.0,140.0,142.0,144.0,645
sodium,female,40,49,137.0,139.0,140.0,142.0,144.0,644
sodium,female,50,59,136.0,139.0,141.0,143.0,145.0,733
sodium,female,60,69,136.0,139.0,141.0,142.0,145.0,740
sodium,female,70,79,135.9,139.0,141.0,143.0,145.0,401
sodium,female,80,120,135.0,139.0,141.0,142.1,145.0,261
sodium,male,18,29,137.0,139.0,141.0,142.0,145.0,748
sodium,male,30,39,137.0,139.0,141.0,142.0,144.0,540
sodium,male,40,49,136.0,139.0,141.0,142.0,144.0,605
sodium,male,50,59,136.0,139.0,140.0,142.0,144.0,633
sodium,male,60,69,136.0,139.0,141.0,142.0,145.0,775
sodium,male,70,79,135.0,139.0,141.0,143.0,145.0,437
sodium,male,80,120,136.0,139.0,141.0,143.0,144.3,270
sodium,unknown,18,29,137.0,139.0,140.0,142.0,144.0,1498
sodium,unknown,30,39,136.0,139.0,140.0,142.0,144.0,1185
sodium,unknown,40,49,136.0,139.0,140.0,142.0,144.0,1249
sodium,unknown,50,59,136.0,139.0,141.0,142.0,145.0,1366
sodium,unknown,60,69,136.0,139.0,141.0,142.0,145.0,1515
sodium,unknown,70,79,135.0,139.0,141.0,143.0,145.0,838
sodium,unknown,80,120,136.0,139.0,141.0,143.0,145.0,531
potassium,female,18,29,3.6,3.9,4.1,4.2,4.5,750
potassium,female,30,39,3.5,3.8,4.0,4.2,4.6,644
potassium,female,40,49,3.5,3.8,4.0,4.2,4.5,643
potassium,female,50,59,3.5,3.8,4.0,4.3,4.6,733
potassium,female,60,69,3.5,3.9,4.1,4.3,4.6,738
potassium,female,70,79,3.6,3.9,4.1,4.4,4.8,401
potassium,female,80,120,3.6,4.0,4.3,4.5,4.9,261
potassium,male,18,29,3.63,3.9,4.1,4.3,4.6,748
potassium,male,30,39,3.6,3.9,4.1,4.3,4.6,540
potassium,male,40,49,3.7,3.9,4.1,4.3,4.6,605
potassium,male,50,59,3.7,3.9,4.1,4.4,4.8,631
potassium,male,60,69,3.6,3.9,4.2,4.5,5.0,775
potassium,male,70,79,3.6,4.0,4.2,4.5,5.0,436
potassium,male,80,120,3.7,4.1,4.3,4.6,5.1,270
potassium,unknown,18,29,3.6,3.9,4.1,4.3,4.6,1498
potassium,unknown,30,39,3.6,3.8,4.1,4.3,4.6,1184
potassium,unknown,40,49,3.6,3.9,4.1,4.3,4.6,1248
potassium,unknown,50,59,3.6,3.9,4.1,4.4,4.7,1364
potassium,unknown,60,69,3.5,3.9,4.1,4.4,4.8,1513
potassium,unknown,70,79,3.6,3.9,4.1,4.4,4.9,837
potassium,unknown,80,120,3.6,4.0,4.3,4.5,5.0,531
chloride,female,18,29,98.0,100.0,102.0,103.0,106.0,750
chloride,female,30,39,98.0,100.0,102.0,103.0,106.0,645
chloride,female,40,49,98.0,100.0,102.0,103.0,105.2,644
chloride,female,50,59,97.0,100.0,101.0,103.0,105.0,733
chloride,female,60,69,96.0,99.0,101.0,103.0,105.0,740
chloride,female,70,79,95.0,99.0,101.0,103.0,106.0,401
chloride,female,80,120,96.0,99.0,101.0,103.0,105.0,261
chloride,male,18,29,97.0,100.0,101.0,102.0,105.0,748
chloride,male,30,39,97.0,99.0,101.0,102.0,105.0,540
chloride,male,40,49,97.0,99.0,101.0,103.0,105.8,605
chloride,male,50,59,96.0,99.0,101.0,103.0,106.0,633
chloride,male,60,69,96.0,100.0,101.0,103.0,106.0,775
chloride,male,70,79,94.9,99.0,101.0,104.0,106.0,437
chloride,male,80,120,96.0,99.0,101.0,103.0,106.0,270
chloride,unknown,18,29,98.0,100.0,101.0,103.0,106.0,1498
chloride,unknown,30,39,97.0,100.0,101.0,103.0,105.0,1185
chloride,unknown,40,49,97.0,100.0,101.0,103.0,106.0,1249
chloride,unknown,50,59,96.0,100.0,101.0,103.0,106.0,1366
chloride,unknown,60,69,96.0,99.2,101.0,103.0,106.0,1515
chloride,unknown,70,79,95.0,99.0,101.0,103.0,106.0,838
chloride,unknown,80,120,96.0,99.0,101.0,103.0,106.0,531
bicarbonate,female,18,29,21.0,23.0,24.0,26.0,28.0,749
bicarbonate,female,30,39,21.0,23.0,25.0,26.0,29.0,644
bicarbonate,female,40,49,21.0,24.0,25.0,27.0,29.0,644
bicarbonate,female,50,59,22.0,25.0,26.0,27.0,29.0,733
bicarbonate,female,60,69,22.0,24.0,26.0,27.0,30.0,739
bicarbonate,female,70,79,22.0,24.0,26.0,27.0,30.0,401
bicarbonate,female,80,120,22.0,25.0,26.0,28.0,30.0,261
bicarbonate,male,18,29,22.0,25.0,26.0,28.0,30.0,748
bicarbonate,male,30,39,23.0,25.0,26.0,28.0,30.0,540
bicarbonate,male,40,49,22.0,24.0,26.0,27.0,29.5,605
bicarbonate,male,50,59,22.0,24.0,26.0,28.0,30.0,633
bicarbonate,male,60,69,21.0,24.0,26.0,28.0,30.0,775
bicarbonate,male,70,79,22.0,24.0,26.0,27.0,30.0,437
bicarbonate,male,80,120,22.0,24.0,26.0,28.0,31.0,270
bicarbonate,unknown,18,29,22.0,24.0,25.0,27.0,29.0,1497
bicarbonate,unknown,30,39,21.0,24.0,25.0,27.0,29.0,1184
bicarbonate,unknown,40,49,22.0,24.0,25.0,27.0,29.0,1249
bicarbonate,unknown,50,59,22.0,24.0,26.0,27.0,29.0,1366
bicarbonate,unknown,60,69,22.0,24.0,26.0,28.0,30.0,1514
bicarbonate,unknown,70,79,22.0,24.0,26.0,27.0,30.0,838
bicarbonate,unknown,80,120,22.0,24.9,26.0,28.0,30.0,531
calcium,female,18,29,8.8,9.1,9.3,9.4,9.8,749
calcium,female,30,39,8.6,8.9,9.2,9.4,9.7,644
calcium,female,40,49,8.6,8.9,9.1,9.4,9.7,644
calcium,female,50,59,8.7,9.0,9.3,9.6,10.0,733
calcium,female,60,69,8.8,9.1,9.4,9.6,10.0,739
calcium,female,70,79,8.8,9.1,9.3,9.6,10.1,401
calcium,female,80,120,8.8,9.1,9.3,9.6,10.2,261
calcium,male,18,29,9.0,9.2,9.5,9.7,9.9,748
calcium,male,30,39,8.8,9.1,9.34,9.5,9.8,540
calcium,male,40,49,8.8,9.1,9.3,9.5,9.8,605
calcium,male,50,59,8.7,9.0,9.2,9.5,9.8,633
calcium,male,60,69,8.8,9.1,9.3,9.5,9.8,775
calcium,male,70,79,8.7,9.1,9.3,9.5,9.9,437
calcium,male,80,120,8.7,9.0,9.2,9.5,9.96,270
calcium,unknown,18,29,8.8,9.18,9.4,9.6,9.9,1497
calcium,unknown,30,39,8.7,9.0,9.3,9.5,9.8,1184
calcium,unknown,40,49,8.7,9.0,9.2,9.4,9.7,1249
calcium,unknown,50,59,8.7,9.0,9.3,9.5,9.9,1366
calcium,unknown,60,69,8.8,9.1,9.3,9.5,9.9,1514
calcium,unknown,70,79,8.7,9.1,9.3,9.6,10.0,838
calcium,unknown,80,120,8.7,9.0,9.3,9.6,10.1,531
phosphorus,female,18,29,2.9,3.4,3.7,4.0,4.52,749
phosphorus,female,30,39,2.8,3.2,3.5,3.9,4.4,644
phosphorus,female,40,49,2.8,3.2,3.6,3.8,4.4,644
phosphorus,female,50,59,2.8,3.4,3.7,4.0,4.5,733
phosphorus,female,60,69,2.8,3.4,3.7,4.0,4.5,739
phosphorus,female,70,79,3.0,3.4,3.7,4.0,4.5,401
phosphorus,female,80,120,2.9,3.3,3.6,3.9,4.4,261
phosphorus,male,18,29,2.7,3.3,3.7,4.1,4.7,748
phosphorus,male,30,39,2.7,3.2,3.6,3.8,4.5,540
phosphorus,male,40,49,2.7,3.2,3.5,3.8,4.4,605
phosphorus,male,50,59,2.7,3.1,3.4,3.8,4.4,633
phosphorus,male,60,69,2.5,3.1,3.4,3.7,4.2,775
phosphorus,male,70,79,2.6,3.1,3.3,3.7,4.2,437
phosphorus,male,80,120,2.65,3.1,3.4,3.7,4.2,270
phosphorus,unknown,18,29,2.8,3.3,3.7,4.1,4.6,1497
phosphorus,unknown,30,39,2.7,3.2,3.5,3.9,4.4,1184
phosphorus,unknown,40,49,2.7,3.2,3.5,3.8,4.4,1249
phosphorus,unknown,50,59,2.8,3.2,3.6,3.9,4.5,1366
phosphorus,unknown,60,69,2.7,3.2,3.6,3.9,4.4,1514
phosphorus,unknown,70,79,2.8,3.2,3.5,3.9,4.33,838
phosphorus,unknown,80,120,2.8,3.2,3.6,3.8,4.3,531
iron,female,18,29,29.0,51.5,74.0,102.0,157.7,750
iron,female,30,39,27.0,54.0,75.0,101.0,150.9,644
iron,female,40,49,27.3,53.0,77.0,99.0,148.7,644
iron,female,50,59,40.0,61.0,80.2,103.0,139.2,733
iron,female,60,69,45.0,64.0,83.0,101.0,136.9,739
iron,female,70,79,44.3,64.0,82.0,98.0,127.9,401
iron,female,80,120,36.4,58.0,76.0,95.0,127.7,261
iron,male,18,29,50.0,71.0,90.0,117.0,172.0,748
iron,male,30,39,46.0,71.0,91.0,112.0,154.0,540
iron,male,40,49,51.0,73.0,92.0,116.3,169.0,605
iron,male,50,59,50.0,71.0,91.0,116.0,159.0,632
iron,male,60,69,44.0,72.5,92.0,111.0,149.0,775
iron,male,70,79,47.7,71.0,90.0,108.3,154.8,437
iron,male,80,120,38.0,66.0,81.0,106.6,144.0,270
iron,unknown,18,29,35.0,61.0,83.0,111.0,167.0,1498
iron,unknown,30,39,36.1,63.0,83.0,108.3,152.2,1184
iron,unknown,40,49,33.0,63.0,85.0,109.0,162.0,1249
iron,unknown,50,59,43.0,65.0,86.0,109.0,150.0,1365
iron,unknown,60,69,45.0,68.0,86.0,105.0,145.0,1514
iron,unknown,70,79,46.0,68.0,85.7,104.0,142.0,838
iron,unknown,80,120,37.0,61.3,78.0,100.0,137.4,531
glucose_random,female,18,29,76.0,81.1,86.0,92.0,106.0,749
glucose_random,female,30,39,78.0,84.0,89.0,95.0,114.1,644
glucose_random,female,40,49,77.0,84.0,90.0,97.0,124.0,644
glucose_random,female,50,59,80.0,88.0,92.0,100.0,168.0,733
glucose_random,female,60,69,81.0,89.0,95.0,105.0,138.4,739
glucose_random,female,70,79,82.0,90.0,96.0,107.0,152.9,401
glucose_random,female,80,120,82.0,90.0,97.0,111.0,162.6,261
glucose_random,male,18,29,75.0,84.0,89.0,95.0,103.2,748
glucose_random,male,30,39,77.0,85.0,91.0,97.6,115.0,540
glucose_random,male,40,49,79.0,87.0,93.0,101.0,168.0,605
glucose_random,male,50,59,80.0,89.0,97.0,107.0,223.0,633
glucose_random,male,60,69,82.0,91.0,98.0,115.0,173.0,775
glucose_random,male,70,79,83.0,92.0,101.0,117.0,196.1,437
glucose_random,male,80,120,80.0,93.0,101.0,114.0,188.6,270
glucose_random,unknown,18,29,75.0,83.0,88.0,93.0,105.0,1497
glucose_random,unknown,30,39,78.0,85.0,90.0,96.0,114.7,1184
glucose_random,unknown,40,49,78.0,86.0,91.0,99.0,139.0,1249
glucose_random,unknown,50,59,80.0,88.0,94.0,103.0,186.0,1366
glucose_random,unknown,60,69,81.3,90.0,97.0,108.0,166.0,1514
glucose_random,unknown,70,79,82.0,91.0,98.0,112.0,164.0,838
glucose_random,unknown,80,120,81.0,91.0,100.0,111.0,169.0,531
hba1c,female,18,29,4.7,5.0,5.2,5.4,5.7,766
hba1c,female,30,39,4.8,5.1,5.3,5.5,6.3,655
hba1c,female,40,49,4.9,5.2,5.4,5.7,6.62,653
hba1c,female,50,59,5.08,5.4,5.6,5.9,7.8,754
hba1c,female,60,69,5.1,5.4,5.7,6.0,7.6,770
hba1c,female,70,79,5.1,5.5,5.7,6.2,7.4,416
hba1c,female,80,120,5.0,5.5,5.8,6.2,8.19,268
hba1c,male,18,29,4.6,5.0,5.2,5.4,5.7,769
hba1c,male,30,39,4.7,5.1,5.3,5.6,6.1,549
hba1c,male,40,49,4.9,5.2,5.5,5.8,7.4,617
hba1c,male,50,59,4.99,5.4,5.6,6.0,8.8,648
hba1c,male,60,69,5.1,5.4,5.7,6.2,7.7,797
hba1c,male,70,79,5.1,5.5,5.8,6.4,7.96,448
hba1c,male,80,120,5.2,5.5,5.8,6.4,7.8,278
hba1c,unknown,18,29,4.7,5.0,5.2,5.4,5.7,1535
hba1c,unknown,30,39,4.8,5.1,5.3,5.6,6.2,1204
hba1c,unknown,40,49,4.9,5.2,5.4,5.7,7.13,1270
hba1c,unknown,50,59,5.0,5.4,5.6,6.0,8.4,1402
hba1c,unknown,60,69,5.1,5.4,5.7,6.1,7.6,1567
hba1c,unknown,70,79,5.1,5.5,5.8,6.3,7.7,864
hba1c,unknown,80,120,5.1,5.5,5.8,6.3,8.1,546
chol_total,female,18,29,120.0,147.0,166.0,186.0,224.0,754
chol_total,female,30,39,134.0,161.0,178.0,200.0,233.5,646
chol_total,female,40,49,143.6,169.0,190.0,212.5,252.0,646
chol_total,female,50,59,150.0,177.0,201.0,226.0,275.6,737
chol_total,female,60,69,137.0,177.0,200.0,225.0,280.2,743
chol_total,female,70,79,131.0,163.0,194.0,223.0,270.0,403
chol_total,female,80,120,126.0,154.8,186.0,214.0,265.5,261
chol_total,male,18,29,120.0,145.0,161.0,189.5,244.1,754
chol_total,male,30,39,135.0,164.0,187.0,212.0,252.0,541
chol_total,male,40,49,134.0,171.5,198.0,225.4,273.0,607
chol_total,male,50,59,121.0,160.0,186.0,218.0,255.0,636
chol_total,male,60,69,116.0,151.0,178.0,204.0,244.0,781
chol_total,male,70,79,115.0,138.0,167.0,195.4,238.0,441
chol_total,male,80,120,116.0,137.0,153.0,183.4,236.0,272
chol_total,unknown,18,29,120.0,146.0,164.0,187.0,235.0,1508
chol_total,unknown,30,39,134.4,162.0,182.0,206.7,245.0,1187
chol_total,unknown,40,49,138.0,170.0,193.0,218.0,263.6,1253
chol_total,unknown,50,59,131.0,169.0,195.0,222.0,265.0,1373
chol_total,unknown,60,69,122.0,163.0,190.0,219.0,267.0,1524
chol_total,unknown,70,79,122.0,152.0,178.0,210.0,262.0,844
chol_total,unknown,80,120,119.0,146.0,175.0,204.0,251.8,533
hdl,female,18,29,35.0,47.0,55.0,64.0,82.5,754
hdl,female,30,39,34.0,46.0,55.0,66.0,85.2,646
hdl,female,40,49,36.8,47.0,54.0,68.0,86.0,646
hdl,female,50,59,38.0,48.0,57.0,71.0,88.0,737
hdl,female,60,69,36.0,48.0,58.0,69.0,95.0,743
hdl,female,70,79,38.0,49.0,60.0,72.0,97.2,403
hdl,female,80,120,40.0,51.0,59.0,70.8,90.0,261
hdl,male,18,29,31.0,40.0,47.0,55.0,72.0,754
hdl,male,30,39,31.0,39.0,45.0,54.0,69.0,541
hdl,male,40,49,31.0,38.0,46.0,53.0,66.0,607
hdl,male,50,59,31.0,39.0,47.0,56.0,72.0,636
hdl,male,60,69,32.0,39.0,45.0,54.0,71.0,781
hdl,male,70,79,33.0,41.0,48.0,58.0,78.0,441
hdl,male,80,120,33.0,42.0,48.0,60.0,79.0,272
hdl,unknown,18,29,34.0,42.0,51.0,60.0,76.0,1508
hdl,unknown,30,39,33.0,41.0,49.0,61.0,79.0,1187
hdl,unknown,40,49,33.0,42.0,50.0,60.0,80.0,1253
hdl,unknown,50,59,33.0,42.0,52.0,63.0,84.0,1373
hdl,unknown,60,69,33.4,42.0,52.0,64.0,86.0,1524
hdl,unknown,70,79,35.0,44.0,54.0,65.0,92.6,844
hdl,unknown,80,120,36.0,45.0,55.0,67.0,85.2,533
ferritin,female,18,29,9.28,22.67,39.5,70.0,132.0,754
ferritin,female,30,39,8.54,25.24,48.0,77.74,142.7,650
ferritin,female,40,49,6.79,22.2,45.29,89.37,200.0,649
ferritin,female,50,59,14.42,54.79,93.61,156.0,346.78,747
ferritin,female,60,69,24.91,61.83,99.73,165.08,344.38,752
ferritin,female,70,79,22.69,49.11,102.34,161.99,316.81,409
ferritin,female,80,120,19.88,60.46,111.0,194.35,521.63,265
ferritin,male,18,29,42.42,86.94,129.0,191.0,351.16,759
ferritin,male,30,39,33.5,104.0,165.51,263.15,462.0,545
ferritin,male,40,49,49.01,113.0,173.0,274.0,548.45,612
ferritin,male,50,59,41.34,105.43,187.0,299.16,582.06,641
ferritin,male,60,69,27.16,88.51,152.0,265.44,592.64,782
ferritin,male,70,79,23.94,74.1,138.31,241.03,589.67,444
ferritin,male,80,120,20.3,73.03,118.58,224.92,468.27,275
ferritin,unknown,18,29,12.04,38.2,79.36,141.14,286.02,1513
ferritin,unknown,30,39,12.7,41.46,89.0,174.32,379.92,1195
ferritin,unknown,40,49,10.3,41.08,101.0,191.0,443.05,1261
ferritin,unknown,50,59,21.72,71.43,125.0,243.27,501.03,1388
ferritin,unknown,60,69,25.0,68.73,122.42,210.0,451.69,1534
ferritin,unknown,70,79,23.15,61.48,117.0,192.0,476.82,853
ferritin,unknown,80,120,20.28,63.69,114.0,208.11,494.36,540
glucose_fasting,female,18,29,84.0,90.0,94.0,100.0,114.0,362
glucose_fasting,female,30,39,87.0,93.0,98.0,105.9,134.4,335
glucose_fasting,female,40,49,86.0,92.0,100.0,109.3,149.0,309
glucose_fasting,female,50,59,87.0,97.0,103.0,110.0,158.6,403
glucose_fasting,female,60,69,89.0,98.0,106.0,117.0,165.3,387
glucose_fasting,female,70,79,88.0,97.5,105.0,119.0,149.0,200
glucose_fasting,female,80,120,90.0,97.6,105.7,119.5,155.3,121
glucose_fasting,male,18,29,87.0,94.0,99.0,104.0,111.0,379
glucose_fasting,male,30,39,86.9,95.0,101.0,108.0,127.4,261
glucose_fasting,male,40,49,90.9,99.0,104.0,112.0,171.0,305
glucose_fasting,male,50,59,91.0,100.0,107.0,116.0,278.5,317
glucose_fasting,male,60,69,94.0,102.0,112.0,127.0,200.0,402
glucose_fasting,male,70,79,93.0,106.0,113.0,130.0,199.4,224
glucose_fasting,male,80,120,94.0,105.0,111.0,129.0,193.8,131
glucose_fasting,unknown,18,29,85.0,92.0,97.0,102.0,112.0,741
glucose_fasting,unknown,30,39,87.0,94.0,100.0,107.0,131.0,596
glucose_fasting,unknown,40,49,86.0,96.0,102.0,110.0,151.0,614
glucose_fasting,unknown,50,59,89.0,98.0,104.0,112.0,185.1,720
glucose_fasting,unknown,60,69,91.0,100.0,107.0,120.0,180.3,789
glucose_fasting,unknown,70,79,91.0,100.0,109.7,123.4,172.0,424
glucose_fasting,unknown,80,120,92.0,100.2,109.0,125.0,181.7,252
tg,female,18,29,30.0,48.2,65.0,86.4,161.2,356
tg,female,30,39,29.0,49.0,75.0,124.8,207.3,331
tg,female,40,49,40.0,58.0,84.8,123.4,243.3,306
tg,female,50,59,39.0,67.0,100.9,137.0,199.5,395
tg,female,60,69,39.5,71.0,98.0,136.7,219.2,375
tg,female,70,79,42.2,71.5,92.0,132.0,248.0,196
tg,female,80,120,41.4,62.0,101.9,140.4,208.5,118
tg,male,18,29,31.0,50.0,71.0,106.0,217.1,369
tg,male,30,39,40.0,65.9,97.0,147.0,312.5,257
tg,male,40,49,40.3,69.5,105.4,161.7,305.2,299
tg,male,50,59,47.5,67.0,101.4,164.7,321.0,313
tg,male,60,69,41.6,78.0,104.0,140.6,228.0,397
tg,male,70,79,43.0,69.0,97.0,147.1,288.5,222
tg,male,80,120,43.0,63.8,92.7,121.8,213.3,129
tg,unknown,18,29,31.0,50.0,67.3,97.0,195.8,725
tg,unknown,30,39,33.0,55.0,86.0,139.9,265.9,588
tg,unknown,40,49,39.4,63.0,91.0,147.0,263.5,605
tg,unknown,50,59,44.0,67.0,101.0,151.0,250.0,708
tg,unknown,60,69,41.0,73.0,102.0,138.0,222.7,772
tg,unknown,70,79,43.0,69.7,95.0,132.9,266.3,418
tg,unknown,80,120,41.8,63.3,97.0,137.8,209.1,247
ldl,female,18,29,60.0,76.0,92.0,112.0,135.0,355
ldl,female,30,39,61.0,84.3,101.8,123.0,155.5,330
ldl,female,40,49,70.6,91.0,110.0,131.0,161.0,303
ldl,female,50,59,70.0,100.0,123.0,146.0,186.0,392
ldl,female,60,69,59.9,89.0,111.0,138.0,175.3,373
ldl,female,70,79,49.4,79.5,103.0,133.4,188.0,196
ldl,female,80,120,53.5,77.0,100.4,132.0,176.3,118
ldl,male,18,29,53.0,76.0,94.0,112.0,157.6,366
ldl,male,30,39,57.9,91.1,116.0,134.2,170.0,253
ldl,male,40,49,74.0,103.0,122.0,145.7,187.8,293
ldl,male,50,59,54.2,91.8,112.6,135.8,179.0,307
ldl,male,60,69,52.0,81.0,108.4,132.3,166.0,397
ldl,male,70,79,55.0,68.0,88.0,115.2,154.2,219
ldl,male,80,120,49.6,64.0,84.9,107.3,158.4,129
ldl,unknown,18,29,54.0,76.0,93.7,112.0,154.0,721
ldl,unknown,30,39,60.0,88.0,108.0,129.0,161.0,583
ldl,unknown,40,49,71.6,96.0,116.0,140.0,176.0,596
ldl,unknown,50,59,65.4,96.0,116.7,139.0,181.0,699
ldl,unknown,60,69,57.9,83.0,109.6,135.0,172.0,770
ldl,unknown,70,79,51.8,75.0,96.0,126.8,167.0,415
ldl,unknown,80,120,52.0,72.8,91.6,125.9,165.0,247
urea,female,18,29,15.0,19.3,23.5,30.0,36.4,749
urea,female,30,39,15.0,21.4,25.7,30.0,40.7,644
urea,female,40,49,15.0,21.4,25.7,32.1,40.7,644
urea,female,50,59,17.1,23.5,30.0,36.4,47.1,733
urea,female,60,69,19.3,27.8,34.2,40.7,57.8,739
urea,female,70,79,21.4,30.0,36.4,44.9,60.5,401
urea,female,80,120,25.7,34.2,40.7,53.5,74.3,261
urea,male,18,29,17.1,23.5,27.8,34.2,42.8,748
urea,male,30,39,17.1,25.7,27.8,34.2,44.9,540
urea,male,40,49,21.4,27.8,32.1,36.4,45.8,605
urea,male,50,59,19.3,27.8,32.1,40.7,53.5,633
urea,male,60,69,21.4,30.0,34.2,42.8,53.5,775
urea,male,70,79,25.7,32.1,38.5,47.1,64.2,437
urea,male,80,120,25.7,34.2,42.8,55.6,81.3,270
urea,unknown,18,29,15.0,21.4,25.7,32.1,42.8,1497
urea,unknown,30,39,17.1,21.4,27.8,32.1,42.8,1184
urea,unknown,40,49,17.1,23.5,30.0,34.2,44.9,1249
urea,unknown,50,59,17.1,25.7,32.1,36.4,49.2,1366
urea,unknown,60,69,21.4,30.0,34.2,42.8,55.6,1514
urea,unknown,70,79,21.4,30.0,36.4,44.9,64.2,838
urea,unknown,80,120,25.7,34.2,42.8,53.5,74.9,531
non_hdl,female,18,29,66.0,90.0,108.0,129.0,173.3,754
non_hdl,female,30,39,73.7,101.0,121.0,144.0,184.2,646
non_hdl,female,40,49,87.0,108.0,133.0,156.0,192.0,646
non_hdl,female,50,59,88.0,118.0,140.2,168.4,217.4,737
non_hdl,female,60,69,84.0,114.0,137.0,165.0,215.6,743
non_hdl,female,70,79,75.0,103.2,130.0,160.0,221.5,403
non_hdl,female,80,120,69.0,96.1,124.0,151.0,204.5,261
non_hdl,male,18,29,65.4,93.0,114.0,141.6,196.2,754
non_hdl,male,30,39,82.3,112.0,140.0,167.0,208.0,541
non_hdl,male,40,49,89.0,125.0,150.0,176.5,221.0,607
non_hdl,male,50,59,80.0,111.0,137.0,167.0,212.1,636
non_hdl,male,60,69,71.0,105.0,130.0,156.5,198.0,781
non_hdl,male,70,79,63.0,89.7,115.9,141.7,192.0,441
non_hdl,male,80,120,64.0,87.0,102.0,129.0,179.7,272
non_hdl,unknown,18,29,65.7,91.0,111.0,135.0,192.5,1508
non_hdl,unknown,30,39,78.0,106.0,130.0,154.0,196.0,1187
non_hdl,unknown,40,49,88.0,117.0,140.0,167.9,210.0,1253
non_hdl,unknown,50,59,85.0,114.0,139.0,168.0,214.3,1373
non_hdl,unknown,60,69,75.0,110.0,134.4,162.0,207.2,1524
non_hdl,unknown,70,79,67.0,96.0,123.0,149.9,204.0,844
non_hdl,unknown,80,120,65.1,92.0,113.0,142.0,190.0,533
chol_hdl_ratio,female,18,29,2.04,2.45,2.94,3.61,5.06,754
chol_hdl_ratio,female,30,39,1.99,2.61,3.18,4.0,5.36,646
chol_hdl_ratio,female,40,49,2.19,2.75,3.38,4.13,5.58,646
chol_hdl_ratio,female,50,59,2.15,2.9,3.46,4.26,5.48,737
chol_hdl_ratio,female,60,69,2.14,2.73,3.38,4.08,5.63,743
chol_hdl_ratio,female,70,79,2.0,2.57,3.13,3.89,5.97,403
chol_hdl_ratio,female,80,120,1.94,2.56,3.1,3.68,4.77,261
chol_hdl_ratio,male,18,29,2.08,2.77,3.48,4.39,5.98,754
chol_hdl_ratio,male,30,39,2.41,3.23,4.16,5.03,6.84,541
chol_hdl_ratio,male,40,49,2.76,3.5,4.39,5.08,6.72,607
chol_hdl_ratio,male,50,59,2.42,3.18,3.92,4.71,6.29,636
chol_hdl_ratio,male,60,69,2.26,3.09,3.84,4.62,5.94,781
chol_hdl_ratio,male,70,79,2.17,2.67,3.32,4.3,5.72,441
chol_hdl_ratio,male,80,120,2.1,2.59,3.17,3.73,5.3,272
chol_hdl_ratio,unknown,18,29,2.06,2.58,3.18,4.08,5.61,1508
chol_hdl_ratio,unknown,30,39,2.1,2.85,3.6,4.65,6.29,1187
chol_hdl_ratio,unknown,40,49,2.28,3.09,3.79,4.68,6.4,1253
chol_hdl_ratio,unknown,50,59,2.26,3.0,3.74,4.47,5.97,1373
chol_hdl_ratio,unknown,60,69,2.22,2.91,3.61,4.3,5.78,1524
chol_hdl_ratio,unknown,70,79,2.04,2.62,3.19,4.06,5.97,844
chol_hdl_ratio,unknown,80,120,2.0,2.56,3.14,3.69,4.97,533
vldl,female,18,29,6.0,9.6,13.0,17.3,32.2,356
vldl,female,30,39,5.8,9.8,15.0,25.0,41.5,331
vldl,female,40,49,8.0,11.6,17.0,24.7,48.7,306
vldl,female,50,59,7.8,13.4,20.2,27.4,39.9,395
vldl,female,60,69,7.9,14.2,19.6,27.3,43.8,375
vldl,female,70,79,8.4,14.3,18.4,26.4,49.6,196
vldl,female,80,120,8.3,12.4,20.4,28.1,41.7,118
vldl,male,18,29,6.2,10.0,14.2,21.2,43.4,369
vldl,male,30,39,8.0,13.2,19.4,29.4,62.5,257
vldl,male,40,49,8.1,13.9,21.1,32.3,61.0,299
vldl,male,50,59,9.5,13.4,20.3,32.9,64.2,313
vldl,male,60,69,8.3,15.6,20.8,28.1,45.6,397
vldl,male,70,79,8.6,13.8,19.4,29.4,57.7,222
vldl,male,80,120,8.6,12.8,18.5,24.4,42.7,129
vldl,unknown,18,29,6.2,10.0,13.5,19.4,39.2,725
vldl,unknown,30,39,6.6,11.0,17.2,28.0,53.2,588
vldl,unknown,40,49,7.9,12.6,18.2,29.4,52.7,605
vldl,unknown,50,59,8.8,13.4,20.2,30.2,50.0,708
vldl,unknown,60,69,8.2,14.6,20.4,27.6,44.5,772
vldl,unknown,70,79,8.6,13.9,19.0,26.6,53.3,418
vldl,unknown,80,120,8.4,12.7,19.4,27.6,41.8,247
eag,female,18,29,88.2,96.8,102.5,108.3,116.9,766
eag,female,30,39,91.1,99.7,105.4,111.1,134.1,655
eag,female,40,49,93.9,102.5,108.3,116.9,143.2,653
eag,female,50,59,99.0,108.3,114.0,122.6,177.2,754
eag,female,60,69,99.7,108.3,116.9,125.5,171.4,770
eag,female,70,79,99.7,111.1,116.9,131.2,165.7,416
eag,female,80,120,96.8,111.1,119.8,131.2,188.4,268
eag,male,18,29,85.3,96.8,102.5,108.3,116.9,769
eag,male,30,39,88.2,99.7,105.4,114.0,128.4,549
eag,male,40,49,93.9,102.5,111.1,119.8,165.7,617
eag,male,50,59,96.5,108.3,114.0,125.5,205.9,648
eag,male,60,69,99.7,108.3,116.9,131.2,174.3,797
eag,male,70,79,99.7,111.1,119.8,137.0,181.7,448
eag,male,80,120,102.5,111.1,119.8,137.0,177.2,278
eag,unknown,18,29,88.2,96.8,102.5,108.3,116.9,1535
eag,unknown,30,39,91.1,99.7,105.4,114.0,131.2,1204
eag,unknown,40,49,93.9,102.5,108.3,116.9,157.9,1270
eag,unknown,50,59,96.8,108.3,114.0,125.5,194.4,1402
eag,unknown,60,69,99.7,108.3,116.9,128.4,171.4,1567
eag,unknown,70,79,99.7,111.1,119.8,134.1,174.3,864
eag,unknown,80,120,99.7,111.1,119.8,134.1,185.8,546
egfr,female,18,29,89.8,109.7,122.0,127.3,133.3,750
egfr,female,30,39,82.9,100.1,112.9,119.2,125.7,645
egfr,female,40,49,73.8,92.5,105.9,112.0,116.7,644
egfr,female,50,59,66.3,85.8,98.6,104.4,110.9,733
egfr,female,60,69,55.4,70.1,84.8,97.3,102.4,739
egfr,female,70,79,45.5,62.1,76.1,90.9,95.7,401
egfr,female,80,120,31.0,49.2,62.9,76.7,89.3,261
egfr,male,18,29,87.5,106.0,120.2,126.8,132.5,748
egfr,male,30,39,78.0,97.8,112.0,117.2,122.2,540
egfr,male,40,49,75.3,89.2,100.6,110.3,116.1,605
egfr,male,50,59,66.0,81.2,93.9,103.0,109.2,633
egfr,male,60,69,55.8,72.8,86.3,96.6,103.5,775
egfr,male,70,79,45.5,64.5,79.1,89.4,95.9,437
egfr,male,80,120,33.2,57.1,69.4,83.0,90.9,270
egfr,unknown,18,29,88.4,108.2,121.4,127.0,132.8,1498
egfr,unknown,30,39,79.7,99.0,112.6,118.2,123.5,1185
egfr,unknown,40,49,74.4,90.0,103.3,111.3,116.4,1249
egfr,unknown,50,59,66.3,83.6,96.0,104.1,110.2,1366
egfr,unknown,60,69,55.6,71.4,85.0,96.9,102.9,1514
egfr,unknown,70,79,45.5,63.7,77.5,90.2,95.8,838
egfr,unknown,80,120,32.2,53.5,66.4,78.9,89.9,531
