test_code,sex,age_min,age_max,low,high
hb,male,18,120,13.0,17.0
hb,female,18,120,12.0,15.0
hct,male,18,120,40,50
hct,female,18,120,36,46
rbc,male,18,120,4.5,5.5
rbc,female,18,120,3.8,4.8
wbc,unknown,18,120,4.0,10.0
plt,unknown,18,120,150,410
mcv,unknown,18,120,83,101
mch,unknown,18,120,27,32
mchc,unknown,18,120,31.5,34.5
rdw,unknown,18,120,11.6,14.0
neut_pct,unknown,18,120,40,80
lymph_pct,unknown,18,120,20,40
mono_pct,unknown,18,120,2,10
eos_pct,unknown,18,120,1,6
baso_pct,unknown,18,120,0,2
esr,male,18,120,0,15
esr,female,18,120,0,20
glucose_fasting,unknown,18,120,70,100
glucose_pp,unknown,18,120,70,140
glucose_random,unknown,18,120,70,140
hba1c,unknown,18,120,4.0,5.6
eag,unknown,18,120,68,114
chol_total,unknown,18,120,,200
hdl,male,18,120,40,
hdl,female,18,120,50,
ldl,unknown,18,120,,100
tg,unknown,18,120,,150
vldl,unknown,18,120,2,30
non_hdl,unknown,18,120,,130
chol_hdl_ratio,unknown,18,120,,5.0
creatinine,male,18,120,0.7,1.3
creatinine,female,18,120,0.6,1.1
urea,unknown,18,120,17,43
bun,unknown,18,120,7,20
uric_acid,male,18,120,3.5,7.2
uric_acid,female,18,120,2.6,6.0
egfr,unknown,18,120,90,
sodium,unknown,18,120,136,145
potassium,unknown,18,120,3.5,5.1
chloride,unknown,18,120,98,107
bicarbonate,unknown,18,120,22,29
calcium,unknown,18,120,8.6,10.3
phosphorus,unknown,18,120,2.5,4.5
magnesium,unknown,18,120,1.7,2.4
bili_total,unknown,18,120,0.3,1.2
bili_direct,unknown,18,120,0,0.3
bili_indirect,unknown,18,120,0.1,1.0
alt,male,18,120,0,50
alt,female,18,120,0,35
ast,male,18,120,0,40
ast,female,18,120,0,32
alp,unknown,18,120,30,120
ggt,male,18,120,0,55
ggt,female,18,120,0,38
protein_total,unknown,18,120,6.4,8.3
albumin,unknown,18,120,3.5,5.2
globulin,unknown,18,120,2.0,3.5
ag_ratio,unknown,18,120,1.0,2.1
tsh,unknown,18,120,0.4,4.0
ft4,unknown,18,120,0.93,1.7
ft3,unknown,18,120,2.0,4.4
t3,unknown,18,120,80,200
t4,unknown,18,120,5.1,14.1
vitamin_d,unknown,18,120,30,100
vitamin_b12,unknown,18,120,211,911
folate,unknown,18,120,3.1,20.5
iron,male,18,120,65,175
iron,female,18,120,50,170
tibc,unknown,18,120,250,450
ferritin,male,18,120,30,400
ferritin,female,18,120,13,150
tsat,unknown,18,120,20,50
crp,unknown,18,120,0,5
hs_crp,unknown,18,120,0,3
urine_ph,unknown,18,120,4.5,8.0
urine_sg,unknown,18,120,1.005,1.030
urine_rbc,unknown,18,120,0,2
urine_pus,unknown,18,120,0,5
urine_acr,unknown,18,120,0,30
psa,male,18,120,0,4
