test_code,direction,kind,symptoms_en,symptoms_hi,symptoms_or,source
hb,low,symptoms,tiredness|weakness|dizziness|shortness of breath|pale skin|cold hands and feet,थकान|कमज़ोरी|चक्कर आना|साँस फूलना|फीकी त्वचा|हाथ-पैर ठंडे रहना,ଥକାପଣ|ଦୁର୍ବଳତା|ମୁଣ୍ଡ ବୁଲାଇବା|ନିଶ୍ୱାସ ନେବାରେ କଷ୍ଟ|ଫିକା ଚର୍ମ|ହାତଗୋଡ଼ ଥଣ୍ଡା ରହିବା,https://medlineplus.gov/lab-tests/hemoglobin-test
hct,low,symptoms,tiredness|weakness|dizziness|shortness of breath|pale skin,थकान|कमज़ोरी|चक्कर आना|साँस फूलना|फीकी त्वचा,ଥକାପଣ|ଦୁର୍ବଳତା|ମୁଣ୍ଡ ବୁଲାଇବା|ନିଶ୍ୱାସ ନେବାରେ କଷ୍ଟ|ଫିକା ଚର୍ମ,https://medlineplus.gov/lab-tests/hematocrit-test
hct,high,symptoms,headache|dizziness|tiredness|shortness of breath,सिरदर्द|चक्कर आना|थकान|साँस फूलना,ମୁଣ୍ଡବିନ୍ଧା|ମୁଣ୍ଡ ବୁଲାଇବା|ଥକାପଣ|ନିଶ୍ୱାସ ନେବାରେ କଷ୍ଟ,https://medlineplus.gov/lab-tests/hematocrit-test
rbc,low,symptoms,tiredness|weakness|dizziness|shortness of breath|pale skin,थकान|कमज़ोरी|चक्कर आना|साँस फूलना|फीकी त्वचा,ଥକାପଣ|ଦୁର୍ବଳତା|ମୁଣ୍ଡ ବୁଲାଇବା|ନିଶ୍ୱାସ ନେବାରେ କଷ୍ଟ|ଫିକା ଚର୍ମ,https://medlineplus.gov/lab-tests/red-blood-cell-rbc-count
rbc,high,symptoms,headache|dizziness|vision problems,सिरदर्द|चक्कर आना|देखने में दिक़्क़त,ମୁଣ୍ଡବିନ୍ଧା|ମୁଣ୍ଡ ବୁଲାଇବା|ଦେଖିବାରେ ଅସୁବିଧା,https://medlineplus.gov/lab-tests/red-blood-cell-rbc-count
mcv,low,symptoms,tiredness|weakness|dizziness|shortness of breath|pale skin,थकान|कमज़ोरी|चक्कर आना|साँस फूलना|फीकी त्वचा,ଥକାପଣ|ଦୁର୍ବଳତା|ମୁଣ୍ଡ ବୁଲାଇବା|ନିଶ୍ୱାସ ନେବାରେ କଷ୍ଟ|ଫିକା ଚର୍ମ,https://medlineplus.gov/lab-tests/mcv-mean-corpuscular-volume
mcv,high,symptoms,tiredness|weakness|dizziness|shortness of breath|pale skin,थकान|कमज़ोरी|चक्कर आना|साँस फूलना|फीकी त्वचा,ଥକାପଣ|ଦୁର୍ବଳତା|ମୁଣ୍ଡ ବୁଲାଇବା|ନିଶ୍ୱାସ ନେବାରେ କଷ୍ଟ|ଫିକା ଚର୍ମ,https://medlineplus.gov/lab-tests/mcv-mean-corpuscular-volume
mch,low,symptoms,tiredness|weakness|dizziness|shortness of breath|pale skin|cold hands and feet,थकान|कमज़ोरी|चक्कर आना|साँस फूलना|फीकी त्वचा|हाथ-पैर ठंडे रहना,ଥକାପଣ|ଦୁର୍ବଳତା|ମୁଣ୍ଡ ବୁଲାଇବା|ନିଶ୍ୱାସ ନେବାରେ କଷ୍ଟ|ଫିକା ଚର୍ମ|ହାତଗୋଡ଼ ଥଣ୍ଡା ରହିବା,https://medlineplus.gov/lab-tests/red-blood-cell-rbc-indices
mchc,low,symptoms,tiredness|weakness|dizziness|shortness of breath|pale skin|cold hands and feet,थकान|कमज़ोरी|चक्कर आना|साँस फूलना|फीकी त्वचा|हाथ-पैर ठंडे रहना,ଥକାପଣ|ଦୁର୍ବଳତା|ମୁଣ୍ଡ ବୁଲାଇବା|ନିଶ୍ୱାସ ନେବାରେ କଷ୍ଟ|ଫିକା ଚର୍ମ|ହାତଗୋଡ଼ ଥଣ୍ଡା ରହିବା,https://medlineplus.gov/lab-tests/red-blood-cell-rbc-indices
rdw,high,symptoms,tiredness|weakness|dizziness|shortness of breath|pale skin,थकान|कमज़ोरी|चक्कर आना|साँस फूलना|फीकी त्वचा,ଥକାପଣ|ଦୁର୍ବଳତା|ମୁଣ୍ଡ ବୁଲାଇବା|ନିଶ୍ୱାସ ନେବାରେ କଷ୍ଟ|ଫିକା ଚର୍ମ,https://medlineplus.gov/lab-tests/rdw-red-cell-distribution-width
wbc,high,symptoms,fever|chills|body aches|headache,बुखार|ठंड लगकर कँपकँपी|बदन दर्द|सिरदर्द,ଜ୍ୱର|ଥରି ଥରି ଶୀତ ଲାଗିବା|ଦେହ ବିନ୍ଧା|ମୁଣ୍ଡବିନ୍ଧା,https://medlineplus.gov/lab-tests/white-blood-count-wbc
plt,low,symptoms,bruising easily|nosebleeds|bleeding for a long time after small cuts|tiny red spots on the skin,आसानी से नील पड़ना|नाक से खून आना|छोटी चोट पर देर तक खून बहना|त्वचा पर छोटे लाल धब्बे,ସହଜରେ କଳଙ୍କ ପଡ଼ିବା|ନାକରୁ ରକ୍ତ ବାହାରିବା|ଛୋଟ କଟାରୁ ଅଧିକ ସମୟ ରକ୍ତ ବାହାରିବା|ଚର୍ମରେ ଛୋଟ ନାଲି ଦାଗ,https://medlineplus.gov/lab-tests/platelet-tests
plt,high,symptoms,headache|dizziness|weakness|numbness or tingling in the hands or feet,सिरदर्द|चक्कर आना|कमज़ोरी|हाथ-पैरों में सुन्नपन या झनझनाहट,ମୁଣ୍ଡବିନ୍ଧା|ମୁଣ୍ଡ ବୁଲାଇବା|ଦୁର୍ବଳତା|ହାତଗୋଡ଼ରେ ଅବଶ ବା ଝିମ୍ଝିମ୍ ଲାଗିବା,https://medlineplus.gov/lab-tests/platelet-tests
esr,high,symptoms,headache|fever|losing weight without trying|joint stiffness,सिरदर्द|बुखार|बिना कोशिश वज़न घटना|जोड़ों में अकड़न,ମୁଣ୍ଡବିନ୍ଧା|ଜ୍ୱର|ଚେଷ୍ଟା ବିନା ଓଜନ କମିବା|ଗଣ୍ଠି ଶକ୍ତ ହେବା,https://medlineplus.gov/lab-tests/erythrocyte-sedimentation-rate-esr
crp,high,symptoms,fever|chills|a fast heartbeat|nausea,बुखार|ठंड लगकर कँपकँपी|तेज़ धड़कन|जी मिचलाना,ଜ୍ୱର|ଥରି ଥରି ଶୀତ ଲାଗିବା|ଦ୍ରୁତ ହୃଦସ୍ପନ୍ଦନ|ବାନ୍ତି ଭାବ,https://medlineplus.gov/lab-tests/c-reactive-protein-crp-test
hs_crp,high,none,,,,https://medlineplus.gov/lab-tests/c-reactive-protein-crp-test
glucose_fasting,high,symptoms,feeling very thirsty|passing urine often|blurred vision|tiredness|sores that heal slowly,बहुत प्यास लगना|बार-बार पेशाब आना|धुंधला दिखना|थकान|घाव देर से भरना,ବହୁତ ଶୋଷ ଲାଗିବା|ବାରମ୍ବାର ପରିସ୍ରା ହେବା|ଝାପସା ଦେଖାଯିବା|ଥକାପଣ|ଘା ଧୀରେ ଶୁଖିବା,https://medlineplus.gov/lab-tests/blood-glucose-test
glucose_pp,high,symptoms,feeling very thirsty|passing urine often|blurred vision|tiredness|sores that heal slowly,बहुत प्यास लगना|बार-बार पेशाब आना|धुंधला दिखना|थकान|घाव देर से भरना,ବହୁତ ଶୋଷ ଲାଗିବା|ବାରମ୍ବାର ପରିସ୍ରା ହେବା|ଝାପସା ଦେଖାଯିବା|ଥକାପଣ|ଘା ଧୀରେ ଶୁଖିବା,https://medlineplus.gov/lab-tests/blood-glucose-test
glucose_random,high,symptoms,feeling very thirsty|passing urine often|blurred vision|tiredness|sores that heal slowly,बहुत प्यास लगना|बार-बार पेशाब आना|धुंधला दिखना|थकान|घाव देर से भरना,ବହୁତ ଶୋଷ ଲାଗିବା|ବାରମ୍ବାର ପରିସ୍ରା ହେବା|ଝାପସା ଦେଖାଯିବା|ଥକାପଣ|ଘା ଧୀରେ ଶୁଖିବା,https://medlineplus.gov/lab-tests/blood-glucose-test
glucose_fasting,low,symptoms,feeling shaky|hunger|dizziness|headache|a fast heartbeat,कँपकँपी महसूस होना|भूख लगना|चक्कर आना|सिरदर्द|तेज़ धड़कन,ଥରିବା|ଭୋକ ଲାଗିବା|ମୁଣ୍ଡ ବୁଲାଇବା|ମୁଣ୍ଡବିନ୍ଧା|ଦ୍ରୁତ ହୃଦସ୍ପନ୍ଦନ,https://medlineplus.gov/lab-tests/blood-glucose-test
glucose_pp,low,symptoms,feeling shaky|hunger|dizziness|headache|a fast heartbeat,कँपकँपी महसूस होना|भूख लगना|चक्कर आना|सिरदर्द|तेज़ धड़कन,ଥରିବା|ଭୋକ ଲାଗିବା|ମୁଣ୍ଡ ବୁଲାଇବା|ମୁଣ୍ଡବିନ୍ଧା|ଦ୍ରୁତ ହୃଦସ୍ପନ୍ଦନ,https://medlineplus.gov/lab-tests/blood-glucose-test
glucose_random,low,symptoms,feeling shaky|hunger|dizziness|headache|a fast heartbeat,कँपकँपी महसूस होना|भूख लगना|चक्कर आना|सिरदर्द|तेज़ धड़कन,ଥରିବା|ଭୋକ ଲାଗିବା|ମୁଣ୍ଡ ବୁଲାଇବା|ମୁଣ୍ଡବିନ୍ଧା|ଦ୍ରୁତ ହୃଦସ୍ପନ୍ଦନ,https://medlineplus.gov/lab-tests/blood-glucose-test
hba1c,high,symptoms,feeling very thirsty|passing urine often|blurred vision|numbness or tingling in the hands or feet|tiredness,बहुत प्यास लगना|बार-बार पेशाब आना|धुंधला दिखना|हाथ-पैरों में सुन्नपन या झनझनाहट|थकान,ବହୁତ ଶୋଷ ଲାଗିବା|ବାରମ୍ବାର ପରିସ୍ରା ହେବା|ଝାପସା ଦେଖାଯିବା|ହାତଗୋଡ଼ରେ ଅବଶ ବା ଝିମ୍ଝିମ୍ ଲାଗିବା|ଥକାପଣ,https://medlineplus.gov/lab-tests/hemoglobin-a1c-hba1c-test
eag,high,symptoms,feeling very thirsty|passing urine often|blurred vision|numbness or tingling in the hands or feet|tiredness,बहुत प्यास लगना|बार-बार पेशाब आना|धुंधला दिखना|हाथ-पैरों में सुन्नपन या झनझनाहट|थकान,ବହୁତ ଶୋଷ ଲାଗିବା|ବାରମ୍ବାର ପରିସ୍ରା ହେବା|ଝାପସା ଦେଖାଯିବା|ହାତଗୋଡ଼ରେ ଅବଶ ବା ଝିମ୍ଝିମ୍ ଲାଗିବା|ଥକାପଣ,https://medlineplus.gov/lab-tests/hemoglobin-a1c-hba1c-test
chol_total,high,none,,,,https://medlineplus.gov/lab-tests/cholesterol-levels
ldl,high,none,,,,https://medlineplus.gov/lab-tests/cholesterol-levels
non_hdl,high,none,,,,https://medlineplus.gov/lab-tests/cholesterol-levels
vldl,high,none,,,,https://medlineplus.gov/lab-tests/cholesterol-levels
chol_hdl_ratio,high,none,,,,https://medlineplus.gov/lab-tests/cholesterol-levels
hdl,low,none,,,,https://medlineplus.gov/lab-tests/cholesterol-levels
tg,high,none,,,,https://medlineplus.gov/lab-tests/triglycerides-test
creatinine,high,often_none,"swelling in the legs, ankles or face|tiredness|passing more or less urine than usual|itching","पैरों, टखनों या चेहरे पर सूजन|थकान|सामान्य से ज़्यादा या कम पेशाब आना|खुजली","ଗୋଡ଼, ଗୋଇଠି ବା ମୁହଁରେ ଫୁଲା|ଥକାପଣ|ସାଧାରଣଠାରୁ ଅଧିକ ବା କମ୍ ପରିସ୍ରା ହେବା|କୁଣ୍ଡାଇ ହେବା",https://medlineplus.gov/lab-tests/creatinine-test
urea,high,often_none,"swelling in the legs, ankles or face|tiredness|passing more or less urine than usual|itching","पैरों, टखनों या चेहरे पर सूजन|थकान|सामान्य से ज़्यादा या कम पेशाब आना|खुजली","ଗୋଡ଼, ଗୋଇଠି ବା ମୁହଁରେ ଫୁଲା|ଥକାପଣ|ସାଧାରଣଠାରୁ ଅଧିକ ବା କମ୍ ପରିସ୍ରା ହେବା|କୁଣ୍ଡାଇ ହେବା",https://medlineplus.gov/lab-tests/bun-blood-urea-nitrogen
bun,high,often_none,"swelling in the legs, ankles or face|tiredness|passing more or less urine than usual|itching","पैरों, टखनों या चेहरे पर सूजन|थकान|सामान्य से ज़्यादा या कम पेशाब आना|खुजली","ଗୋଡ଼, ଗୋଇଠି ବା ମୁହଁରେ ଫୁଲା|ଥକାପଣ|ସାଧାରଣଠାରୁ ଅଧିକ ବା କମ୍ ପରିସ୍ରା ହେବା|କୁଣ୍ଡାଇ ହେବା",https://medlineplus.gov/lab-tests/bun-blood-urea-nitrogen
egfr,low,often_none,"swelling in the legs, ankles or face|tiredness|passing more or less urine than usual|itching","पैरों, टखनों या चेहरे पर सूजन|थकान|सामान्य से ज़्यादा या कम पेशाब आना|खुजली","ଗୋଡ଼, ଗୋଇଠି ବା ମୁହଁରେ ଫୁଲା|ଥକାପଣ|ସାଧାରଣଠାରୁ ଅଧିକ ବା କମ୍ ପରିସ୍ରା ହେବା|କୁଣ୍ଡାଇ ହେବା",https://medlineplus.gov/lab-tests/glomerular-filtration-rate-gfr-test
urine_acr,high,none,,,,https://medlineplus.gov/lab-tests/microalbumin-creatinine-ratio
uric_acid,high,symptoms,"sudden joint pain, often in the big toe|swelling or redness around a joint","जोड़ों में अचानक दर्द, अक्सर पैर के अँगूठे में|जोड़ के आसपास सूजन या लाली","ଗଣ୍ଠିରେ ହଠାତ୍ ଯନ୍ତ୍ରଣା, ପ୍ରାୟତଃ ଗୋଡ଼ର ବୁଢ଼ା ଆଙ୍ଗୁଠିରେ|ଗଣ୍ଠି ପାଖରେ ଫୁଲା ବା ନାଲି",https://medlineplus.gov/lab-tests/uric-acid-test
sodium,low,symptoms,weakness|tiredness|confusion|muscle twitching,कमज़ोरी|थकान|उलझन महसूस होना|मांसपेशियों का फड़कना,ଦୁର୍ବଳତା|ଥକାପଣ|ଦ୍ୱନ୍ଦ୍ୱ ଲାଗିବା|ମାଂସପେଶୀ ଥରିବା,https://medlineplus.gov/lab-tests/sodium-blood-test
sodium,high,symptoms,feeling very thirsty|passing very little urine|confusion|muscle twitching,बहुत प्यास लगना|बहुत कम पेशाब आना|उलझन महसूस होना|मांसपेशियों का फड़कना,ବହୁତ ଶୋଷ ଲାଗିବା|ବହୁତ କମ୍ ପରିସ୍ରା ହେବା|ଦ୍ୱନ୍ଦ୍ୱ ଲାଗିବା|ମାଂସପେଶୀ ଥରିବା,https://medlineplus.gov/lab-tests/sodium-blood-test
potassium,high,symptoms,an irregular heartbeat|tiredness|muscle weakness|nausea,अनियमित धड़कन|थकान|मांसपेशियों में कमज़ोरी|जी मिचलाना,ଅନିୟମିତ ହୃଦସ୍ପନ୍ଦନ|ଥକାପଣ|ମାଂସପେଶୀ ଦୁର୍ବଳତା|ବାନ୍ତି ଭାବ,https://medlineplus.gov/lab-tests/potassium-blood-test
potassium,low,symptoms,an irregular heartbeat|muscle cramps|muscle weakness|constipation,अनियमित धड़कन|मांसपेशियों में ऐंठन|मांसपेशियों में कमज़ोरी|कब्ज़,ଅନିୟମିତ ହୃଦସ୍ପନ୍ଦନ|ମାଂସପେଶୀ ଟାଣି ହେବା|ମାଂସପେଶୀ ଦୁର୍ବଳତା|କୋଷ୍ଠକାଠିନ୍ୟ,https://medlineplus.gov/lab-tests/potassium-blood-test
calcium,high,symptoms,constipation|feeling very thirsty|passing urine often|tiredness|bone or muscle aches,कब्ज़|बहुत प्यास लगना|बार-बार पेशाब आना|थकान|हड्डियों या मांसपेशियों में दर्द,କୋଷ୍ଠକାଠିନ୍ୟ|ବହୁତ ଶୋଷ ଲାଗିବା|ବାରମ୍ବାର ପରିସ୍ରା ହେବା|ଥକାପଣ|ହାଡ଼ ବା ମାଂସପେଶୀ ବିନ୍ଧା,https://medlineplus.gov/lab-tests/calcium-blood-test
calcium,low,symptoms,"muscle cramps|tingling in the lips, fingers or feet|an irregular heartbeat","मांसपेशियों में ऐंठन|होंठों, उँगलियों या पैरों में झनझनाहट|अनियमित धड़कन","ମାଂସପେଶୀ ଟାଣି ହେବା|ଓଠ, ଆଙ୍ଗୁଠି ବା ପାଦରେ ଝିମ୍ଝିମ୍|ଅନିୟମିତ ହୃଦସ୍ପନ୍ଦନ",https://medlineplus.gov/lab-tests/calcium-blood-test
magnesium,low,symptoms,muscle cramps|tiredness|numbness or tingling in the hands or feet|nausea,मांसपेशियों में ऐंठन|थकान|हाथ-पैरों में सुन्नपन या झनझनाहट|जी मिचलाना,ମାଂସପେଶୀ ଟାଣି ହେବା|ଥକାପଣ|ହାତଗୋଡ଼ରେ ଅବଶ ବା ଝିମ୍ଝିମ୍ ଲାଗିବା|ବାନ୍ତି ଭାବ,https://medlineplus.gov/lab-tests/magnesium-blood-test
phosphorus,high,none,,,,https://medlineplus.gov/lab-tests/phosphate-in-blood
phosphorus,low,none,,,,https://medlineplus.gov/lab-tests/phosphate-in-blood
bili_total,high,symptoms,yellow skin or eyes|dark urine|pale stools|belly pain,त्वचा या आँखों का पीला पड़ना|गहरे रंग का पेशाब|हल्के रंग का मल|पेट दर्द,ଚର୍ମ ବା ଆଖି ହଳଦିଆ ହେବା|ଗାଢ଼ ରଙ୍ଗର ପରିସ୍ରା|ଫିକା ରଙ୍ଗର ମଳ|ପେଟ ବିନ୍ଧା,https://medlineplus.gov/lab-tests/bilirubin-blood-test
bili_direct,high,symptoms,yellow skin or eyes|dark urine|pale stools|belly pain,त्वचा या आँखों का पीला पड़ना|गहरे रंग का पेशाब|हल्के रंग का मल|पेट दर्द,ଚର୍ମ ବା ଆଖି ହଳଦିଆ ହେବା|ଗାଢ଼ ରଙ୍ଗର ପରିସ୍ରା|ଫିକା ରଙ୍ଗର ମଳ|ପେଟ ବିନ୍ଧା,https://medlineplus.gov/lab-tests/bilirubin-blood-test
bili_indirect,high,symptoms,yellow skin or eyes|dark urine|belly pain,त्वचा या आँखों का पीला पड़ना|गहरे रंग का पेशाब|पेट दर्द,ଚର୍ମ ବା ଆଖି ହଳଦିଆ ହେବା|ଗାଢ଼ ରଙ୍ଗର ପରିସ୍ରା|ପେଟ ବିନ୍ଧା,https://medlineplus.gov/lab-tests/bilirubin-blood-test
alt,high,often_none,tiredness|loss of appetite|nausea|yellow skin or eyes|dark urine,थकान|भूख न लगना|जी मिचलाना|त्वचा या आँखों का पीला पड़ना|गहरे रंग का पेशाब,ଥକାପଣ|ଭୋକ ନ ଲାଗିବା|ବାନ୍ତି ଭାବ|ଚର୍ମ ବା ଆଖି ହଳଦିଆ ହେବା|ଗାଢ଼ ରଙ୍ଗର ପରିସ୍ରା,https://medlineplus.gov/lab-tests/alt-blood-test
ast,high,often_none,tiredness|loss of appetite|nausea|yellow skin or eyes|dark urine,थकान|भूख न लगना|जी मिचलाना|त्वचा या आँखों का पीला पड़ना|गहरे रंग का पेशाब,ଥକାପଣ|ଭୋକ ନ ଲାଗିବା|ବାନ୍ତି ଭାବ|ଚର୍ମ ବା ଆଖି ହଳଦିଆ ହେବା|ଗାଢ଼ ରଙ୍ଗର ପରିସ୍ରା,https://medlineplus.gov/lab-tests/ast-test
alp,high,often_none,tiredness|loss of appetite|nausea|yellow skin or eyes|dark urine|bone pain,थकान|भूख न लगना|जी मिचलाना|त्वचा या आँखों का पीला पड़ना|गहरे रंग का पेशाब|हड्डियों में दर्द,ଥକାପଣ|ଭୋକ ନ ଲାଗିବା|ବାନ୍ତି ଭାବ|ଚର୍ମ ବା ଆଖି ହଳଦିଆ ହେବା|ଗାଢ଼ ରଙ୍ଗର ପରିସ୍ରା|ହାଡ଼ ବିନ୍ଧା,https://medlineplus.gov/lab-tests/alkaline-phosphatase
ggt,high,often_none,tiredness|loss of appetite|nausea|yellow skin or eyes|dark urine,थकान|भूख न लगना|जी मिचलाना|त्वचा या आँखों का पीला पड़ना|गहरे रंग का पेशाब,ଥକାପଣ|ଭୋକ ନ ଲାଗିବା|ବାନ୍ତି ଭାବ|ଚର୍ମ ବା ଆଖି ହଳଦିଆ ହେବା|ଗାଢ଼ ରଙ୍ଗର ପରିସ୍ରା,https://medlineplus.gov/lab-tests/gamma-glutamyl-transferase-ggt-test
albumin,low,symptoms,"swelling in the feet, ankles or belly|tiredness|loss of appetite","पैरों, टखनों या पेट में सूजन|थकान|भूख न लगना","ପାଦ, ଗୋଇଠି ବା ପେଟରେ ଫୁଲା|ଥକାପଣ|ଭୋକ ନ ଲାଗିବା",https://medlineplus.gov/lab-tests/albumin-blood-test
protein_total,low,symptoms,"swelling in the feet, ankles or belly|tiredness|losing weight without trying","पैरों, टखनों या पेट में सूजन|थकान|बिना कोशिश वज़न घटना","ପାଦ, ଗୋଇଠି ବା ପେଟରେ ଫୁଲା|ଥକାପଣ|ଚେଷ୍ଟା ବିନା ଓଜନ କମିବା",https://medlineplus.gov/lab-tests/total-protein-and-albumin-globulin-a-g-ratio
tsh,high,symptoms,tiredness|weight gain|feeling cold easily|dry skin|constipation,थकान|वज़न बढ़ना|जल्दी ठंड लगना|रूखी त्वचा|कब्ज़,ଥକାପଣ|ଓଜନ ବଢ଼ିବା|ଶୀଘ୍ର ଥଣ୍ଡା ଲାଗିବା|ଶୁଖିଲା ଚର୍ମ|କୋଷ୍ଠକାଠିନ୍ୟ,https://medlineplus.gov/lab-tests/tsh-thyroid-stimulating-hormone-test
tsh,low,symptoms,losing weight without trying|a fast heartbeat|feeling nervous or irritable|trouble sleeping|feeling hot and sweaty,बिना कोशिश वज़न घटना|तेज़ धड़कन|घबराहट या चिड़चिड़ापन|नींद न आना|गर्मी और पसीना ज़्यादा लगना,ଚେଷ୍ଟା ବିନା ଓଜନ କମିବା|ଦ୍ରୁତ ହୃଦସ୍ପନ୍ଦନ|ଅସ୍ଥିରତା ବା ଚିଡ଼ଚିଡ଼ାପଣ|ନିଦ ନ ହେବା|ଅଧିକ ଗରମ ଓ ଝାଳ ହେବା,https://medlineplus.gov/lab-tests/tsh-thyroid-stimulating-hormone-test
ft4,low,symptoms,tiredness|weight gain|feeling cold easily|dry skin|constipation,थकान|वज़न बढ़ना|जल्दी ठंड लगना|रूखी त्वचा|कब्ज़,ଥକାପଣ|ଓଜନ ବଢ଼ିବା|ଶୀଘ୍ର ଥଣ୍ଡା ଲାଗିବା|ଶୁଖିଲା ଚର୍ମ|କୋଷ୍ଠକାଠିନ୍ୟ,https://medlineplus.gov/lab-tests/thyroxine-t4-test
ft4,high,symptoms,losing weight without trying|a fast heartbeat|feeling nervous or irritable|trouble sleeping|feeling hot and sweaty,बिना कोशिश वज़न घटना|तेज़ धड़कन|घबराहट या चिड़चिड़ापन|नींद न आना|गर्मी और पसीना ज़्यादा लगना,ଚେଷ୍ଟା ବିନା ଓଜନ କମିବା|ଦ୍ରୁତ ହୃଦସ୍ପନ୍ଦନ|ଅସ୍ଥିରତା ବା ଚିଡ଼ଚିଡ଼ାପଣ|ନିଦ ନ ହେବା|ଅଧିକ ଗରମ ଓ ଝାଳ ହେବା,https://medlineplus.gov/lab-tests/thyroxine-t4-test
t4,low,symptoms,tiredness|weight gain|feeling cold easily|dry skin|constipation,थकान|वज़न बढ़ना|जल्दी ठंड लगना|रूखी त्वचा|कब्ज़,ଥକାପଣ|ଓଜନ ବଢ଼ିବା|ଶୀଘ୍ର ଥଣ୍ଡା ଲାଗିବା|ଶୁଖିଲା ଚର୍ମ|କୋଷ୍ଠକାଠିନ୍ୟ,https://medlineplus.gov/lab-tests/thyroxine-t4-test
t4,high,symptoms,losing weight without trying|a fast heartbeat|feeling nervous or irritable|trouble sleeping|feeling hot and sweaty,बिना कोशिश वज़न घटना|तेज़ धड़कन|घबराहट या चिड़चिड़ापन|नींद न आना|गर्मी और पसीना ज़्यादा लगना,ଚେଷ୍ଟା ବିନା ଓଜନ କମିବା|ଦ୍ରୁତ ହୃଦସ୍ପନ୍ଦନ|ଅସ୍ଥିରତା ବା ଚିଡ଼ଚିଡ଼ାପଣ|ନିଦ ନ ହେବା|ଅଧିକ ଗରମ ଓ ଝାଳ ହେବା,https://medlineplus.gov/lab-tests/thyroxine-t4-test
ft3,high,symptoms,losing weight without trying|a fast heartbeat|feeling nervous or irritable|trouble sleeping|feeling hot and sweaty,बिना कोशिश वज़न घटना|तेज़ धड़कन|घबराहट या चिड़चिड़ापन|नींद न आना|गर्मी और पसीना ज़्यादा लगना,ଚେଷ୍ଟା ବିନା ଓଜନ କମିବା|ଦ୍ରୁତ ହୃଦସ୍ପନ୍ଦନ|ଅସ୍ଥିରତା ବା ଚିଡ଼ଚିଡ଼ାପଣ|ନିଦ ନ ହେବା|ଅଧିକ ଗରମ ଓ ଝାଳ ହେବା,https://medlineplus.gov/lab-tests/triiodothyronine-t3-tests
t3,high,symptoms,losing weight without trying|a fast heartbeat|feeling nervous or irritable|trouble sleeping|feeling hot and sweaty,बिना कोशिश वज़न घटना|तेज़ धड़कन|घबराहट या चिड़चिड़ापन|नींद न आना|गर्मी और पसीना ज़्यादा लगना,ଚେଷ୍ଟା ବିନା ଓଜନ କମିବା|ଦ୍ରୁତ ହୃଦସ୍ପନ୍ଦନ|ଅସ୍ଥିରତା ବା ଚିଡ଼ଚିଡ଼ାପଣ|ନିଦ ନ ହେବା|ଅଧିକ ଗରମ ଓ ଝାଳ ହେବା,https://medlineplus.gov/lab-tests/triiodothyronine-t3-tests
vitamin_d,low,symptoms,"bone pain|aching, weak muscles",हड्डियों में दर्द|मांसपेशियों में दर्द और कमज़ोरी,ହାଡ଼ ବିନ୍ଧା|ମାଂସପେଶୀ ବିନ୍ଧା ଓ ଦୁର୍ବଳତା,https://medlineplus.gov/lab-tests/vitamin-d-test
vitamin_b12,low,symptoms,tiredness|weakness|numbness or tingling in the hands or feet|memory problems,थकान|कमज़ोरी|हाथ-पैरों में सुन्नपन या झनझनाहट|याददाश्त की दिक़्क़त,ଥକାପଣ|ଦୁର୍ବଳତା|ହାତଗୋଡ଼ରେ ଅବଶ ବା ଝିମ୍ଝିମ୍ ଲାଗିବା|ସ୍ମୃତି ସମସ୍ୟା,https://medlineplus.gov/lab-tests/vitamin-b-test
folate,low,symptoms,tiredness|weakness|memory problems,थकान|कमज़ोरी|याददाश्त की दिक़्क़त,ଥକାପଣ|ଦୁର୍ବଳତା|ସ୍ମୃତି ସମସ୍ୟା,https://medlineplus.gov/lab-tests/vitamin-b-test
iron,low,symptoms,tiredness|weakness|dizziness|shortness of breath|pale skin,थकान|कमज़ोरी|चक्कर आना|साँस फूलना|फीकी त्वचा,ଥକାପଣ|ଦୁର୍ବଳତା|ମୁଣ୍ଡ ବୁଲାଇବା|ନିଶ୍ୱାସ ନେବାରେ କଷ୍ଟ|ଫିକା ଚର୍ମ,https://medlineplus.gov/lab-tests/iron-tests
iron,high,symptoms,tiredness|joint pain|belly pain|changes in skin colour,थकान|जोड़ों में दर्द|पेट दर्द|त्वचा के रंग में बदलाव,ଥକାପଣ|ଗଣ୍ଠି ଯନ୍ତ୍ରଣା|ପେଟ ବିନ୍ଧା|ଚର୍ମ ରଙ୍ଗ ବଦଳିବା,https://medlineplus.gov/lab-tests/iron-tests
ferritin,low,symptoms,tiredness|weakness|dizziness|shortness of breath|pale skin,थकान|कमज़ोरी|चक्कर आना|साँस फूलना|फीकी त्वचा,ଥକାପଣ|ଦୁର୍ବଳତା|ମୁଣ୍ଡ ବୁଲାଇବା|ନିଶ୍ୱାସ ନେବାରେ କଷ୍ଟ|ଫିକା ଚର୍ମ,https://medlineplus.gov/lab-tests/ferritin-blood-test
ferritin,high,symptoms,tiredness|joint pain|belly pain|changes in skin colour,थकान|जोड़ों में दर्द|पेट दर्द|त्वचा के रंग में बदलाव,ଥକାପଣ|ଗଣ୍ଠି ଯନ୍ତ୍ରଣା|ପେଟ ବିନ୍ଧା|ଚର୍ମ ରଙ୍ଗ ବଦଳିବା,https://medlineplus.gov/lab-tests/ferritin-blood-test
tsat,low,symptoms,tiredness|weakness|dizziness|shortness of breath|pale skin,थकान|कमज़ोरी|चक्कर आना|साँस फूलना|फीकी त्वचा,ଥକାପଣ|ଦୁର୍ବଳତା|ମୁଣ୍ଡ ବୁଲାଇବା|ନିଶ୍ୱାସ ନେବାରେ କଷ୍ଟ|ଫିକା ଚର୍ମ,https://medlineplus.gov/lab-tests/iron-tests
urine_pus,high,symptoms,pain when passing urine|passing urine often|back or belly pain,पेशाब में जलन या दर्द|बार-बार पेशाब आना|पीठ या पेट में दर्द,ପରିସ୍ରାରେ ଯନ୍ତ୍ରଣା|ବାରମ୍ବାର ପରିସ୍ରା ହେବା|ପିଠି ବା ପେଟ ବିନ୍ଧା,https://medlineplus.gov/lab-tests/blood-in-urine
urine_rbc,high,symptoms,pain when passing urine|passing urine often|back or belly pain,पेशाब में जलन या दर्द|बार-बार पेशाब आना|पीठ या पेट में दर्द,ପରିସ୍ରାରେ ଯନ୍ତ୍ରଣା|ବାରମ୍ବାର ପରିସ୍ରା ହେବା|ପିଠି ବା ପେଟ ବିନ୍ଧା,https://medlineplus.gov/lab-tests/blood-in-urine
psa,high,often_none,pain when passing urine|blood in the urine|back or belly pain,पेशाब में जलन या दर्द|पेशाब में खून|पीठ या पेट में दर्द,ପରିସ୍ରାରେ ଯନ୍ତ୍ରଣା|ପରିସ୍ରାରେ ରକ୍ତ|ପିଠି ବା ପେଟ ବିନ୍ଧା,https://medlineplus.gov/lab-tests/prostate-specific-antigen-psa-test
