test_code,from_unit,factor,offset
hb,g/l,0.1,0
hb,mmol/l,1.611,0
mchc,g/l,0.1,0
hct,l/l,100,0
wbc,/ul,0.001,0
plt,/ul,0.001,0
plt,lakh/ul,100,0
glucose_fasting,mmol/l,18.016,0
glucose_pp,mmol/l,18.016,0
glucose_random,mmol/l,18.016,0
eag,mmol/l,18.016,0
hba1c,mmol/mol,0.09148,2.152
chol_total,mmol/l,38.67,0
hdl,mmol/l,38.67,0
ldl,mmol/l,38.67,0
vldl,mmol/l,38.67,0
non_hdl,mmol/l,38.67,0
tg,mmol/l,88.57,0
creatinine,umol/l,0.011312,0
urea,mmol/l,6.006,0
bun,mmol/l,2.801,0
uric_acid,umol/l,0.016812,0
sodium,meq/l,1,0
potassium,meq/l,1,0
chloride,meq/l,1,0
bicarbonate,meq/l,1,0
calcium,mmol/l,4.008,0
calcium,meq/l,2.004,0
phosphorus,mmol/l,3.097,0
magnesium,mmol/l,2.431,0
magnesium,meq/l,1.215,0
bili_total,umol/l,0.05848,0
bili_direct,umol/l,0.05848,0
bili_indirect,umol/l,0.05848,0
protein_total,g/l,0.1,0
albumin,g/l,0.1,0
globulin,g/l,0.1,0
ft4,pmol/l,0.0777,0
ft3,pmol/l,0.651,0
t3,nmol/l,65.1,0
t4,nmol/l,0.0777,0
vitamin_d,nmol/l,0.4006,0
vitamin_b12,pmol/l,1.355,0
folate,nmol/l,0.4413,0
iron,umol/l,5.585,0
tibc,umol/l,5.585,0
ferritin,ug/l,1,0
crp,mg/dl,10,0
hs_crp,mg/dl,10,0
urine_acr,mg/mmol,8.84,0
